"","X","h_name","h_id","datetime","lat","lon","radius","windspeed_max","pressure_min","wind_34_ne","wind_34_se","wind_34_sw","wind_50_ne","wind_50_se","wind_50_sw","wind_50_nw","wind_64_ne","wind_64_se","wind_64_sw","wind_64_nw","rainfall","year","point_max","location"
"1",1,"ALBERTO","AL011994","1994-07-03 15:00:00","30.4N","86.5W",0,55,993,-999,-999,-999,-999,-999,-999,-999,-999,-999,-999,-999,0,"1994",NA,NA
"2",2,"ALBERTO","AL012006","2006-06-13 16:00:00","29.9N","83.7W",0,40,998,-999,-999,-999,-999,-999,-999,-999,-999,-999,-999,-999,0,"2006",NA,NA
"3",3,"ALBERTO","AL012018","2018-05-28 21:00:00","30.3N","86.0W",80,40,992,80,60,60,0,0,0,0,0,0,0,0,0,"2018",12.3,"Helen 7 N, GA"
"4",4,"ALEX","AL012010","2010-06-27 00:00:00","17.5N","88.2W",90,55,995,90,75,30,0,0,15,0,0,0,0,0,518.997,"2010",NA,NA
"5",5,"ALEX","AL012010","2010-07-01 02:00:00","24.2N","97.7W",180,95,946,180,180,120,90,90,60,50,50,50,50,15,0,"2010",NA,NA
"6",6,"ALEX","AL012016","2016-01-15 13:00:00","38.7N","27.1W",400,55,986,400,300,150,180,180,30,40,0,0,0,0,0,"2016",NA,NA
"7",7,"ALICIA","AL031983","1983-08-18 07:00:00","29.1N","95.1W",0,100,962,-999,-999,-999,-999,-999,-999,-999,-999,-999,-999,-999,0,"1983",NA,NA
"8",8,"ALLISON","AL011995","1995-06-05 14:00:00","29.9N","84.4W",0,60,991,-999,-999,-999,-999,-999,-999,-999,-999,-999,-999,-999,0,"1995",NA,NA
"9",9,"ALLISON","AL011995","1995-06-05 15:00:00","30.1N","84.2W",0,55,991,-999,-999,-999,-999,-999,-999,-999,-999,-999,-999,-999,0,"1995",NA,NA
"10",10,"ALLISON","AL012001","2001-06-05 21:00:00","28.9N","95.3W",0,45,1003,-999,-999,-999,-999,-999,-999,-999,-999,-999,-999,-999,0,"2001",NA,NA
"11",11,"ALLISON","AL012001","2001-06-11 02:00:00","29.6N","91.6W",0,30,1004,-999,-999,-999,-999,-999,-999,-999,-999,-999,-999,-999,0,"2001",NA,NA
"12",12,"ALLISON","AL021989","1989-06-26 13:00:00","28.7N","95.7W",0,40,1002,-999,-999,-999,-999,-999,-999,-999,-999,-999,-999,-999,0,"1989",NA,NA
"13",13,"ALPHA","AL262005","2005-10-23 10:00:00","18.3N","71.3W",0,45,1000,-999,-999,-999,-999,-999,-999,-999,-999,-999,-999,-999,0,"2005",NA,NA
"14",14,"ANA","AL012015","2015-05-10 10:00:00","33.8N","78.8W",110,40,1002,70,110,40,0,0,0,0,0,0,0,0,0,"2015",6.89,"Kinston 7 SW, NC"
"15",15,"ANDREA","AL012013","2013-06-06 22:00:00","29.5N","83.4W",120,50,992,80,120,60,30,30,0,0,0,0,0,0,0,"2013",14.27,"North Miami Beach, FL"
"16",16,"ANDREW","AL041992","1992-08-23 21:00:00","25.4N","76.6W",0,140,923,-999,-999,-999,-999,-999,-999,-999,-999,-999,-999,-999,0,"1992",NA,NA
"17",17,"ANDREW","AL041992","1992-08-24 01:00:00","25.4N","77.8W",0,130,931,-999,-999,-999,-999,-999,-999,-999,-999,-999,-999,-999,0,"1992",NA,NA
"18",18,"ANDREW","AL041992","1992-08-24 08:00:00","25.5N","80.2W",0,145,926,-999,-999,-999,-999,-999,-999,-999,-999,-999,-999,-999,0,"1992",NA,NA
"19",19,"ANDREW","AL041992","1992-08-24 09:00:00","25.5N","80.3W",0,145,922,-999,-999,-999,-999,-999,-999,-999,-999,-999,-999,-999,0,"1992",NA,NA
"20",20,"ANDREW","AL041992","1992-08-26 08:00:00","29.6N","91.5W",0,100,956,-999,-999,-999,-999,-999,-999,-999,-999,-999,-999,-999,0,"1992",NA,NA
"21",21,"ARLENE","AL012005","2005-06-10 08:00:00","21.8N","84.5W",0,45,1000,-999,-999,-999,-999,-999,-999,-999,-999,-999,-999,-999,0,"2005",NA,NA
"22",22,"ARLENE","AL012005","2005-06-11 19:00:00","30.3N","87.5W",0,50,991,-999,-999,-999,-999,-999,-999,-999,-999,-999,-999,-999,0,"2005",NA,NA
"23",23,"ARLENE","AL012011","2011-06-30 13:00:00","21.6N","97.4W",120,55,993,80,120,80,50,50,0,0,0,0,0,0,0,"2011",NA,NA
"24",24,"ARLENE","AL021993","1993-06-20 09:00:00","27.1N","97.4W",0,35,1001,-999,-999,-999,-999,-999,-999,-999,-999,-999,-999,-999,0,"1993",NA,NA
"25",25,"ARTHUR","AL011996","1996-06-20 00:00:00","34.7N","76.4W",0,35,1005,-999,-999,-999,-999,-999,-999,-999,-999,-999,-999,-999,0,"1996",NA,NA
"26",26,"ARTHUR","AL012008","2008-05-31 09:00:00","17.9N","88.2W",200,40,1004,200,75,0,0,0,0,0,0,0,0,0,0,"2008",NA,NA
"27",27,"ARTHUR","AL012014","2014-07-04 03:00:00","34.7N","76.6W",130,85,973,110,130,60,50,50,50,30,30,30,30,20,0,"2014",8.73,"Myrtle Beach 2.4 ENE, SC"
"28",28,"ARTHUR","AL012014","2014-07-04 08:00:00","35.8N","75.5W",110,85,973,100,110,40,50,50,50,30,30,30,30,20,0,"2014",8.73,"Myrtle Beach 2.4 ENE, SC"
"29",29,"BARRY","AL021995","1995-07-09 21:00:00","45.3N","61.0W",0,50,990,-999,-999,-999,-999,-999,-999,-999,-999,-999,-999,-999,0,"1995",NA,NA
"30",30,"BARRY","AL021995","1995-07-09 22:00:00","45.6N","60.8W",0,45,990,-999,-999,-999,-999,-999,-999,-999,-999,-999,-999,-999,0,"1995",NA,NA
"31",31,"BARRY","AL022007","2007-06-02 14:00:00","27.5N","82.7W",0,30,1000,0,0,0,0,0,0,0,0,0,0,0,0,"2007",NA,NA
"32",32,"BARRY","AL022013","2013-06-17 22:00:00","16.5N","88.4W",0,30,1006,0,0,0,0,0,0,0,0,0,0,0,0,"2013",NA,NA
"33",33,"BARRY","AL022013","2013-06-20 11:00:00","19.6N","96.4W",70,40,1003,70,50,30,0,0,0,0,0,0,0,0,0,"2013",NA,NA
"34",34,"BARRY","AL022019","2019-07-13 15:00:00","29.6N","92.2W",150,65,993,90,150,70,60,60,0,0,40,40,40,0,0,"2019",23.58,"Ragley 4 S, LA"
"35",35,"BARRY","AL032001","2001-08-06 05:00:00","30.4N","86.3W",0,60,990,-999,-999,-999,-999,-999,-999,-999,-999,-999,-999,-999,0,"2001",NA,NA
"36",36,"BARRY","AL041983","1983-08-25 11:00:00","27.9N","80.6W",0,30,1013,-999,-999,-999,-999,-999,-999,-999,-999,-999,-999,-999,0,"1983",NA,NA
"37",37,"BARRY","AL041983","1983-08-28 17:00:00","25.4N","97.4W",0,70,986,-999,-999,-999,-999,-999,-999,-999,-999,-999,-999,-999,0,"1983",NA,NA
"38",38,"BERTHA","AL021996","1996-07-12 20:00:00","34.3N","77.8W",0,90,974,-999,-999,-999,-999,-999,-999,-999,-999,-999,-999,-999,0,"1996",NA,NA
"39",39,"BERTHA","AL022002","2002-08-05 02:00:00","29.4N","89.3W",0,35,1008,-999,-999,-999,-999,-999,-999,-999,-999,-999,-999,-999,0,"2002",NA,NA
"40",40,"BERTHA","AL022002","2002-08-09 08:00:00","27.3N","97.4W",0,20,1011,-999,-999,-999,-999,-999,-999,-999,-999,-999,-999,-999,0,"2002",NA,NA
"41",41,"BERTHA","AL032014","2014-08-03 14:00:00","21.8N","71.9W",140,40,1013,140,100,50,0,0,0,0,0,0,0,0,0,"2014",11,"Adjuntas/Lago Adjuntas, PR"
"42",42,"BERYL","AL022012","2012-05-28 04:00:00","30.2N","81.4W",100,55,994,100,100,80,40,40,0,30,0,0,0,0,0,"2012",NA,NA
"43",43,"BERYL","AL031994","1994-08-16 00:00:00","30.0N","85.6W",0,50,1000,-999,-999,-999,-999,-999,-999,-999,-999,-999,-999,-999,0,"1994",NA,NA
"44",44,"BERYL","AL032006","2006-07-21 06:00:00","41.3N","70.1W",0,45,1000,-999,-999,-999,-999,-999,-999,-999,-999,-999,-999,-999,12.424,"2006",0.97,"Nantucket, MA"
"45",45,"BETA","AL272005","2005-10-30 12:00:00","12.9N","83.5W",50,90,970,50,50,50,25,25,25,25,15,15,15,15,216.195,"2005",NA,NA
"46",46,"BILL","AL022015","2015-06-16 16:00:00","28.2N","96.7W",130,50,997,130,130,30,20,20,0,0,0,0,0,0,0,"2015",15.11,"Ganado 1.5 W, TX"
"47",47,"BILL","AL032003","2003-06-30 19:00:00","29.3N","91.0W",0,50,997,-999,-999,-999,-999,-999,-999,-999,-999,-999,-999,-999,0,"2003",NA,NA
"48",48,"BILL","AL032009","2009-08-24 03:00:00","46.9N","56.0W",250,60,976,225,250,150,100,100,60,75,0,0,0,0,0,"2009",NA,NA
"49",49,"BOB","AL021985","1985-07-25 03:00:00","32.2N","80.5W",0,65,1003,-999,-999,-999,-999,-999,-999,-999,-999,-999,-999,-999,0,"1985",NA,NA
"50",50,"BOB","AL031991","1991-08-19 17:00:00","41.2N","71.6W",0,90,962,-999,-999,-999,-999,-999,-999,-999,-999,-999,-999,-999,0,"1991",NA,NA
"51",51,"BOB","AL031991","1991-08-19 18:00:00","41.4N","71.4W",0,85,964,-999,-999,-999,-999,-999,-999,-999,-999,-999,-999,-999,0,"1991",NA,NA
"52",52,"BOB","AL031991","1991-08-20 01:00:00","44.1N","69.1W",0,60,981,-999,-999,-999,-999,-999,-999,-999,-999,-999,-999,-999,0,"1991",NA,NA
"53",53,"BONNIE","AL021986","1986-06-26 10:00:00","29.6N","94.2W",0,75,990,-999,-999,-999,-999,-999,-999,-999,-999,-999,-999,-999,0,"1986",NA,NA
"54",54,"BONNIE","AL021998","1998-08-27 04:00:00","34.4N","77.7W",0,95,964,-999,-999,-999,-999,-999,-999,-999,-999,-999,-999,-999,0,"1998",NA,NA
"55",55,"BONNIE","AL022004","2004-08-12 14:00:00","29.6N","85.1W",0,40,1002,-999,-999,-999,-999,-999,-999,-999,-999,-999,-999,-999,0,"2004",NA,NA
"56",56,"BONNIE","AL022016","2016-05-29 12:00:00","32.8N","79.8W",0,30,1007,0,0,0,0,0,0,0,0,0,0,0,39.6,"2016",13.95,"Frisco, NC"
"57",57,"BONNIE","AL032010","2010-07-22 23:00:00","23.0N","75.7W",30,35,1006,30,0,0,0,0,0,0,0,0,0,0,0,"2010",NA,NA
"58",58,"BONNIE","AL032010","2010-07-23 05:00:00","23.7N","77.5W",70,40,1005,70,0,40,0,0,0,0,0,0,0,0,0,"2010",NA,NA
"59",59,"BONNIE","AL032010","2010-07-23 14:00:00","25.4N","80.2W",75,35,1007,75,40,40,0,0,0,0,0,0,0,0,0,"2010",NA,NA
"60",60,"BRET","AL022005","2005-06-29 12:00:00","20.8N","97.3W",30,35,1005,30,30,30,0,0,0,0,0,0,0,0,175.411,"2005",NA,NA
"61",61,"BRET","AL022017","2017-06-20 02:00:00","10.1N","61.1W",100,45,1008,100,0,80,0,0,0,0,0,0,0,0,0,"2017",NA,NA
"62",62,"BRET","AL022017","2017-06-20 09:00:00","10.6N","62.6W",120,45,1008,120,0,90,0,0,0,0,0,0,0,0,0,"2017",NA,NA
"63",63,"BRET","AL031993","1993-08-07 07:00:00","10.8N","60.8W",0,50,1002,-999,-999,-999,-999,-999,-999,-999,-999,-999,-999,-999,0,"1993",NA,NA
"64",64,"BRET","AL031993","1993-08-07 10:00:00","10.8N","61.8W",0,50,1002,-999,-999,-999,-999,-999,-999,-999,-999,-999,-999,-999,0,"1993",NA,NA
"65",65,"BRET","AL031993","1993-08-08 08:00:00","11.0N","68.3W",0,40,1007,-999,-999,-999,-999,-999,-999,-999,-999,-999,-999,-999,0,"1993",NA,NA
"66",66,"BRET","AL031993","1993-08-10 17:00:00","11.1N","83.8W",0,40,1002,-999,-999,-999,-999,-999,-999,-999,-999,-999,-999,-999,0,"1993",NA,NA
"67",67,"BRET","AL031999","1999-08-23 00:00:00","26.9N","97.4W",0,100,951,-999,-999,-999,-999,-999,-999,-999,-999,-999,-999,-999,0,"1999",NA,NA
"68",68,"CESAR","AL031996","1996-07-28 04:00:00","12.2N","83.9W",0,75,985,-999,-999,-999,-999,-999,-999,-999,-999,-999,-999,-999,0,"1996",NA,NA
"69",69,"CHANTAL","AL041989","1989-08-01 13:00:00","29.6N","94.4W",0,70,986,-999,-999,-999,-999,-999,-999,-999,-999,-999,-999,-999,0,"1989",NA,NA
"70",70,"CHANTAL","AL042001","2001-08-21 02:00:00","18.1N","87.8W",0,60,999,-999,-999,-999,-999,-999,-999,-999,-999,-999,-999,-999,0,"2001",NA,NA
"71",71,"CHARLEY","AL031998","1998-08-22 10:00:00","27.8N","97.1W",0,40,1000,-999,-999,-999,-999,-999,-999,-999,-999,-999,-999,-999,0,"1998",NA,NA
"72",72,"CHARLEY","AL032004","2004-08-13 04:00:00","22.7N","82.6W",0,105,966,-999,-999,-999,-999,-999,-999,-999,-999,-999,-999,-999,0,"2004",NA,NA
"73",73,"CHARLEY","AL032004","2004-08-13 19:00:00","26.6N","82.2W",0,130,941,-999,-999,-999,-999,-999,-999,-999,-999,-999,-999,-999,0,"2004",NA,NA
"74",74,"CHARLEY","AL032004","2004-08-13 20:00:00","26.9N","82.1W",0,125,942,-999,-999,-999,-999,-999,-999,-999,-999,-999,-999,-999,0,"2004",NA,NA
"75",75,"CHARLEY","AL032004","2004-08-14 14:00:00","33.0N","79.4W",0,70,992,-999,-999,-999,-999,-999,-999,-999,-999,-999,-999,-999,0,"2004",NA,NA
"76",76,"CHARLEY","AL032004","2004-08-14 16:00:00","33.8N","78.7W",0,65,997,-999,-999,-999,-999,-999,-999,-999,-999,-999,-999,-999,0,"2004",NA,NA
"77",77,"CHARLEY","AL051986","1986-08-17 14:00:00","34.7N","76.5W",0,65,990,-999,-999,-999,-999,-999,-999,-999,-999,-999,-999,-999,0,"1986",NA,NA
"78",78,"CHARLEY","AL061992","1992-09-27 10:00:00","38.0N","28.0W",0,55,981,-999,-999,-999,-999,-999,-999,-999,-999,-999,-999,-999,0,"1992",NA,NA
"79",79,"CHRIS","AL031988","1988-08-28 15:00:00","32.0N","80.9W",0,40,1005,-999,-999,-999,-999,-999,-999,-999,-999,-999,-999,-999,0,"1988",NA,NA
"80",80,"CINDY","AL032005","2005-07-04 03:00:00","19.0N","87.6W",0,30,1007,0,0,0,0,0,0,0,0,0,0,0,0,"2005",NA,NA
"81",81,"CINDY","AL032005","2005-07-06 03:00:00","29.2N","90.1W",0,65,991,-999,-999,-999,-999,-999,-999,-999,-999,-999,-999,-999,0,"2005",NA,NA
"82",82,"CINDY","AL032005","2005-07-06 09:00:00","30.2N","89.5W",0,45,995,-999,-999,-999,-999,-999,-999,-999,-999,-999,-999,-999,0,"2005",NA,NA
"83",83,"CINDY","AL032017","2017-06-22 07:00:00","29.8N","93.7W",100,45,991,80,100,50,0,0,0,0,0,0,0,0,0,"2017",18.69,"Ocean Springs 3.6 ESE, MS"
"84",84,"CINDY","AL041993","1993-08-14 18:00:00","14.5N","60.9W",0,35,1012,-999,-999,-999,-999,-999,-999,-999,-999,-999,-999,-999,0,"1993",NA,NA
"85",85,"CINDY","AL041993","1993-08-16 21:00:00","18.3N","71.0W",0,30,1009,-999,-999,-999,-999,-999,-999,-999,-999,-999,-999,-999,0,"1993",NA,NA
"86",86,"CLAUDETTE","AL042003","2003-07-11 10:00:00","20.8N","86.9W",0,50,1009,-999,-999,-999,-999,-999,-999,-999,-999,-999,-999,-999,0,"2003",NA,NA
"87",87,"CLAUDETTE","AL042003","2003-07-15 15:00:00","28.3N","96.2W",0,80,979,-999,-999,-999,-999,-999,-999,-999,-999,-999,-999,-999,0,"2003",NA,NA
"88",88,"CLAUDETTE","AL042009","2009-08-17 05:00:00","30.4N","86.5W",0,40,1005,-999,-999,-999,-999,-999,-999,-999,-999,-999,-999,-999,0,"2009",NA,NA
"89",89,"COLIN","AL032016","2016-06-07 02:00:00","29.8N","83.6W",200,45,1001,100,200,0,0,0,0,0,0,0,0,0,0,"2016",17.54,"Seminole 1 ENE, FL"
"90",90,"DANIELLE","AL042016","2016-06-20 22:00:00","21.2N","97.4W",50,35,1009,50,50,0,0,0,0,0,0,0,0,0,0,"2016",NA,NA
"91",91,"DANIELLE","AL071992","1992-09-25 22:00:00","37.8N","75.5W",0,55,1007,-999,-999,-999,-999,-999,-999,-999,-999,-999,-999,-999,0,"1992",NA,NA
"92",92,"DANNY","AL041985","1985-08-15 16:00:00","29.6N","92.7W",0,80,987,-999,-999,-999,-999,-999,-999,-999,-999,-999,-999,-999,0,"1985",NA,NA
"93",93,"DANNY","AL051997","1997-07-18 09:00:00","29.3N","89.7W",0,65,989,-999,-999,-999,-999,-999,-999,-999,-999,-999,-999,-999,0,"1997",36.71,"Dauphin Island Sea Lab, AL"
"94",94,"DANNY","AL051997","1997-07-19 10:00:00","30.2N","88.1W",0,70,984,-999,-999,-999,-999,-999,-999,-999,-999,-999,-999,-999,0,"1997",36.71,"Dauphin Island Sea Lab, AL"
"95",95,"DANNY","AL051997","1997-07-19 18:00:00","30.4N","87.9W",0,65,986,-999,-999,-999,-999,-999,-999,-999,-999,-999,-999,-999,0,"1997",36.71,"Dauphin Island Sea Lab, AL"
"96",96,"DEAN","AL041995","1995-07-31 02:00:00","29.2N","95.3W",0,40,999,-999,-999,-999,-999,-999,-999,-999,-999,-999,-999,-999,0,"1995",NA,NA
"97",97,"DEAN","AL042007","2007-08-21 08:00:00","18.7N","87.7W",0,150,905,-999,-999,-999,-999,-999,-999,-999,-999,-999,-999,-999,0,"2007",NA,NA
"98",98,"DEAN","AL042007","2007-08-22 16:00:00","20.5N","97.0W",0,85,974,-999,-999,-999,-999,-999,-999,-999,-999,-999,-999,-999,0,"2007",NA,NA
"99",99,"DEAN","AL051989","1989-08-08 13:00:00","46.9N","55.9W",0,55,991,-999,-999,-999,-999,-999,-999,-999,-999,-999,-999,-999,0,"1989",NA,NA
"100",100,"DEBBY","AL041988","1988-09-03 00:00:00","20.7N","97.3W",0,65,987,-999,-999,-999,-999,-999,-999,-999,-999,-999,-999,-999,0,"1988",NA,NA
"101",101,"DEBBY","AL042012","2012-06-26 21:00:00","29.3N","83.2W",150,35,995,50,150,30,0,0,0,0,0,0,0,0,0,"2012",28.78,"Curtis Mill 1 E, FL"
"102",102,"DEBBY","AL061994","1994-09-10 03:00:00","14.0N","61.0W",0,55,1007,-999,-999,-999,-999,-999,-999,-999,-999,-999,-999,-999,0,"1994",NA,NA
"103",103,"DEBBY","AL072000","2000-08-22 06:00:00","17.5N","61.7W",0,65,993,-999,-999,-999,-999,-999,-999,-999,-999,-999,-999,-999,0,"2000",NA,NA
"104",104,"DEBBY","AL072000","2000-08-22 09:00:00","17.9N","62.8W",0,65,993,-999,-999,-999,-999,-999,-999,-999,-999,-999,-999,-999,0,"2000",NA,NA
"105",105,"DEBBY","AL072000","2000-08-22 15:00:00","18.5N","64.4W",0,65,994,-999,-999,-999,-999,-999,-999,-999,-999,-999,-999,-999,0,"2000",NA,NA
"106",106,"DENNIS","AL042005","2005-07-04 21:00:00","12.1N","61.6W",0,30,1010,0,0,0,0,0,0,0,0,0,0,0,0,"2005",NA,NA
"107",107,"DENNIS","AL042005","2005-07-08 02:00:00","19.9N","77.6W",0,120,956,-999,-999,-999,-999,-999,-999,-999,-999,-999,-999,-999,0,"2005",NA,NA
"108",108,"DENNIS","AL042005","2005-07-08 18:00:00","22.1N","80.7W",0,120,941,-999,-999,-999,-999,-999,-999,-999,-999,-999,-999,-999,829.649,"2005",NA,NA
"109",109,"DENNIS","AL042005","2005-07-10 19:00:00","30.4N","87.1W",0,105,946,-999,-999,-999,-999,-999,-999,-999,-999,-999,-999,-999,0,"2005",NA,NA
"110",110,"DENNIS","AL051999","1999-08-28 07:00:00","26.6N","76.8W",0,75,976,-999,-999,-999,-999,-999,-999,-999,-999,-999,-999,-999,0,"1999",NA,NA
"111",111,"DENNIS","AL051999","1999-09-04 21:00:00","34.8N","76.5W",0,60,984,-999,-999,-999,-999,-999,-999,-999,-999,-999,-999,-999,0,"1999",NA,NA
"112",112,"DIANA","AL051990","1990-08-05 20:00:00","19.0N","87.6W",0,55,994,-999,-999,-999,-999,-999,-999,-999,-999,-999,-999,-999,0,"1990",NA,NA
"113",113,"DIANA","AL051990","1990-08-07 19:00:00","20.9N","97.0W",0,85,980,-999,-999,-999,-999,-999,-999,-999,-999,-999,-999,-999,0,"1990",NA,NA
"114",114,"DIANA","AL101984","1984-09-13 07:00:00","33.9N","78.0W",0,80,979,-999,-999,-999,-999,-999,-999,-999,-999,-999,-999,-999,0,"1984",NA,NA
"115",115,"DOLLY","AL041996","1996-08-20 17:00:00","19.1N","87.7W",0,65,999,-999,-999,-999,-999,-999,-999,-999,-999,-999,-999,-999,0,"1996",NA,NA
"116",116,"DOLLY","AL041996","1996-08-23 12:00:00","21.6N","97.7W",0,70,989,-999,-999,-999,-999,-999,-999,-999,-999,-999,-999,-999,0,"1996",NA,NA
"117",117,"DOLLY","AL042008","2008-07-21 05:00:00","20.8N","87.0W",150,45,1007,150,150,150,0,0,0,0,0,0,0,0,0,"2008",NA,NA
"118",118,"DOLLY","AL042008","2008-07-23 18:00:00","26.4N","97.2W",120,75,967,120,120,45,40,40,30,30,30,30,30,20,234.717,"2008",NA,NA
"119",119,"DOLLY","AL042008","2008-07-23 20:00:00","26.4N","97.4W",120,70,967,120,120,45,40,40,30,30,30,30,30,20,0,"2008",NA,NA
"120",120,"DOLLY","AL052014","2014-09-03 04:00:00","22.0N","97.7W",120,40,1002,120,100,0,0,0,0,0,0,0,0,0,0,"2014",NA,NA
"121",121,"DON","AL042011","2011-07-30 02:00:00","27.3N","97.4W",0,30,1007,0,0,0,0,0,0,0,0,0,0,0,0,"2011",NA,NA
"122",122,"DORIAN","AL052019","2019-08-27 01:00:00","13.1N","59.4W",40,45,1005,40,30,40,0,0,0,0,0,0,0,0,0,"2019",22.84,"Hope Town 2.7 NNE, Bahamas"
"123",122,"DORIAN","AL052019","2019-08-27 01:00:00","13.1N","59.4W",40,45,1005,40,30,40,0,0,0,0,0,0,0,0,0,"2019",15.21,"  Pawleys Island 5.6 NNE, SC"
"124",122,"DORIAN","AL052019","2019-08-27 01:00:00","13.1N","59.4W",40,45,1005,40,30,40,0,0,0,0,0,0,0,0,0,"2019",6.45,"  Mahone Bay 0.5 NE, NS, Canada"
"125",123,"DORIAN","AL052019","2019-08-27 11:00:00","14.0N","60.9W",40,45,1005,40,30,40,0,0,0,0,0,0,0,0,0,"2019",22.84,"Hope Town 2.7 NNE, Bahamas"
"126",123,"DORIAN","AL052019","2019-08-27 11:00:00","14.0N","60.9W",40,45,1005,40,30,40,0,0,0,0,0,0,0,0,0,"2019",15.21,"  Pawleys Island 5.6 NNE, SC"
"127",123,"DORIAN","AL052019","2019-08-27 11:00:00","14.0N","60.9W",40,45,1005,40,30,40,0,0,0,0,0,0,0,0,0,"2019",6.45,"  Mahone Bay 0.5 NE, NS, Canada"
"128",124,"DORIAN","AL052019","2019-08-28 15:00:00","17.8N","64.6W",70,65,995,70,40,50,20,20,0,20,10,10,10,0,0,"2019",22.84,"Hope Town 2.7 NNE, Bahamas"
"129",124,"DORIAN","AL052019","2019-08-28 15:00:00","17.8N","64.6W",70,65,995,70,40,50,20,20,0,20,10,10,10,0,0,"2019",15.21,"  Pawleys Island 5.6 NNE, SC"
"130",124,"DORIAN","AL052019","2019-08-28 15:00:00","17.8N","64.6W",70,65,995,70,40,50,20,20,0,20,10,10,10,0,0,"2019",6.45,"  Mahone Bay 0.5 NE, NS, Canada"
"131",125,"DORIAN","AL052019","2019-08-28 18:00:00","18.4N","65.1W",70,70,993,70,40,50,30,30,0,20,15,15,15,0,201.68,"2019",22.84,"Hope Town 2.7 NNE, Bahamas"
"132",125,"DORIAN","AL052019","2019-08-28 18:00:00","18.4N","65.1W",70,70,993,70,40,50,30,30,0,20,15,15,15,0,201.68,"2019",15.21,"  Pawleys Island 5.6 NNE, SC"
"133",125,"DORIAN","AL052019","2019-08-28 18:00:00","18.4N","65.1W",70,70,993,70,40,50,30,30,0,20,15,15,15,0,201.68,"2019",6.45,"  Mahone Bay 0.5 NE, NS, Canada"
"134",126,"DORIAN","AL052019","2019-09-01 16:00:00","26.5N","77.0W",110,160,910,110,110,90,60,60,50,50,35,35,35,25,0,"2019",22.84,"Hope Town 2.7 NNE, Bahamas"
"135",126,"DORIAN","AL052019","2019-09-01 16:00:00","26.5N","77.0W",110,160,910,110,110,90,60,60,50,50,35,35,35,25,0,"2019",15.21,"  Pawleys Island 5.6 NNE, SC"
"136",126,"DORIAN","AL052019","2019-09-01 16:00:00","26.5N","77.0W",110,160,910,110,110,90,60,60,50,50,35,35,35,25,0,"2019",6.45,"  Mahone Bay 0.5 NE, NS, Canada"
"137",127,"DORIAN","AL052019","2019-09-02 02:00:00","26.6N","77.8W",120,155,914,120,120,100,70,70,50,50,40,40,40,25,0,"2019",22.84,"Hope Town 2.7 NNE, Bahamas"
"138",127,"DORIAN","AL052019","2019-09-02 02:00:00","26.6N","77.8W",120,155,914,120,120,100,70,70,50,50,40,40,40,25,0,"2019",15.21,"  Pawleys Island 5.6 NNE, SC"
"139",127,"DORIAN","AL052019","2019-09-02 02:00:00","26.6N","77.8W",120,155,914,120,120,100,70,70,50,50,40,40,40,25,0,"2019",6.45,"  Mahone Bay 0.5 NE, NS, Canada"
"140",128,"DORIAN","AL052019","2019-09-06 12:00:00","35.2N","75.6W",190,85,956,190,190,80,110,110,80,70,50,50,50,40,271.81,"2019",22.84,"Hope Town 2.7 NNE, Bahamas"
"141",128,"DORIAN","AL052019","2019-09-06 12:00:00","35.2N","75.6W",190,85,956,190,190,80,110,110,80,70,50,50,50,40,271.81,"2019",15.21,"  Pawleys Island 5.6 NNE, SC"
"142",128,"DORIAN","AL052019","2019-09-06 12:00:00","35.2N","75.6W",190,85,956,190,190,80,110,110,80,70,50,50,50,40,271.81,"2019",6.45,"  Mahone Bay 0.5 NE, NS, Canada"
"143",129,"EARL","AL051998","1998-09-03 06:00:00","30.1N","85.7W",0,70,987,-999,-999,-999,-999,-999,-999,-999,-999,-999,-999,-999,0,"1998",NA,NA
"144",130,"EARL","AL052016","2016-08-04 04:00:00","17.4N","87.8W",120,75,979,120,80,80,50,50,0,30,15,15,15,15,0,"2016",NA,NA
"145",131,"EARL","AL052016","2016-08-04 06:00:00","17.4N","88.3W",120,75,979,120,80,80,50,50,0,30,20,20,20,20,445.499,"2016",NA,NA
"146",132,"EARL","AL052016","2016-08-06 02:00:00","19.0N","96.0W",110,50,999,110,70,110,30,30,0,0,0,0,0,0,0,"2016",NA,NA
"147",133,"EARL","AL072010","2010-09-04 15:00:00","44.3N","64.5W",180,65,962,180,180,110,100,100,100,70,0,0,0,0,0,"2010",NA,NA
"148",134,"EARL","AL072010","2010-09-04 19:00:00","46.0N","62.7W",200,60,967,180,200,90,100,100,80,0,0,0,0,0,0,"2010",NA,NA
"149",135,"EDOUARD","AL052002","2002-09-05 00:00:00","29.4N","81.1W",0,35,1009,-999,-999,-999,-999,-999,-999,-999,-999,-999,-999,-999,0,"2002",7.64,"Desoto City 8 SW, FL"
"150",136,"EDOUARD","AL052008","2008-08-05 12:00:00","29.6N","94.2W",60,55,996,60,60,45,20,20,0,0,0,0,0,0,157.985,"2008",6.48,"Baytown EOC, TX"
"151",137,"EIGHT","AL082013","2013-09-06 18:00:00","22.3N","97.9W",0,30,1008,0,0,0,0,0,0,0,0,0,0,0,45.276,"2013",NA,NA
"152",138,"ELENA","AL051985","1985-09-02 13:00:00","30.4N","89.2W",0,100,959,-999,-999,-999,-999,-999,-999,-999,-999,-999,-999,-999,0,"1985",NA,NA
"153",139,"EMILY","AL052005","2005-07-14 07:00:00","12.0N","61.8W",0,75,989,-999,-999,-999,-999,-999,-999,-999,-999,-999,-999,-999,0,"2005",NA,NA
"154",140,"EMILY","AL052005","2005-07-18 06:00:00","20.3N","87.4W",0,115,955,-999,-999,-999,-999,-999,-999,-999,-999,-999,-999,-999,401.908,"2005",NA,NA
"155",141,"EMILY","AL052005","2005-07-20 12:00:00","24.8N","97.6W",140,110,944,140,110,90,100,100,40,65,60,60,60,40,222.111,"2005",NA,NA
"156",142,"EMILY","AL062017","2017-07-31 14:00:00","27.5N","82.7W",50,50,1001,20,50,0,0,0,20,0,0,0,0,0,0,"2017",7.19,"Naples 9 NE, FL"
"157",143,"EMILY","AL121987","1987-09-23 03:00:00","18.3N","71.0W",0,95,965,-999,-999,-999,-999,-999,-999,-999,-999,-999,-999,-999,0,"1987",NA,NA
"158",144,"EMILY","AL121987","1987-09-25 11:00:00","32.3N","64.7W",0,75,974,-999,-999,-999,-999,-999,-999,-999,-999,-999,-999,-999,0,"1987",NA,NA
"159",145,"ERIKA","AL062009","2009-09-02 18:00:00","16.3N","61.3W",0,35,1008,-999,-999,-999,-999,-999,-999,-999,-999,-999,-999,-999,32.895,"2009",NA,NA
"160",146,"ERIKA","AL081991","1991-09-12 03:00:00","37.7N","25.9W",0,35,1009,-999,-999,-999,-999,-999,-999,-999,-999,-999,-999,-999,0,"1991",NA,NA
"161",147,"ERIKA","AL082003","2003-08-16 10:00:00","25.3N","97.4W",0,65,986,-999,-999,-999,-999,-999,-999,-999,-999,-999,-999,-999,0,"2003",NA,NA
"162",148,"ERIN","AL051995","1995-08-02 06:00:00","27.7N","80.3W",0,75,984,-999,-999,-999,-999,-999,-999,-999,-999,-999,-999,-999,0,"1995",NA,NA
"163",149,"ERIN","AL051995","1995-08-03 16:00:00","30.3N","87.2W",0,75,973,-999,-999,-999,-999,-999,-999,-999,-999,-999,-999,-999,0,"1995",NA,NA
"164",150,"ERIN","AL052007","2007-08-16 10:00:00","28.0N","96.9W",0,30,1006,0,0,0,0,0,0,0,0,0,0,0,0,"2007",NA,NA
"165",151,"ERNESTO","AL052012","2012-08-08 01:00:00","18.7N","87.2W",140,80,977,140,140,70,60,60,20,30,30,30,30,10,0,"2012",NA,NA
"166",152,"ERNESTO","AL052012","2012-08-08 03:00:00","18.8N","87.7W",140,85,973,140,140,70,60,60,20,30,30,30,30,10,0,"2012",NA,NA
"167",153,"ERNESTO","AL052012","2012-08-09 16:00:00","18.3N","94.6W",120,55,989,120,60,80,30,30,0,30,0,0,0,0,0,"2012",NA,NA
"168",154,"ERNESTO","AL062006","2006-08-28 11:00:00","19.9N","75.5W",0,35,1005,-999,-999,-999,-999,-999,-999,-999,-999,-999,-999,-999,0,"2006",NA,NA
"169",155,"ERNESTO","AL062006","2006-08-30 03:00:00","24.9N","80.6W",0,40,1003,-999,-999,-999,-999,-999,-999,-999,-999,-999,-999,-999,0,"2006",NA,NA
"170",156,"ERNESTO","AL062006","2006-08-30 05:00:00","25.2N","80.7W",0,40,1003,-999,-999,-999,-999,-999,-999,-999,-999,-999,-999,-999,0,"2006",NA,NA
"171",157,"ERNESTO","AL062006","2006-09-01 03:00:00","33.9N","78.1W",0,60,985,-999,-999,-999,-999,-999,-999,-999,-999,-999,-999,-999,0,"2006",NA,NA
"172",158,"FABIAN","AL091991","1991-10-15 21:00:00","21.5N","82.8W",0,40,1004,-999,-999,-999,-999,-999,-999,-999,-999,-999,-999,-999,0,"1991",NA,NA
"173",159,"FABIAN","AL091991","1991-10-16 00:00:00","22.4N","81.8W",0,40,1004,-999,-999,-999,-999,-999,-999,-999,-999,-999,-999,-999,0,"1991",NA,NA
"174",160,"FAY","AL062002","2002-09-07 09:00:00","28.5N","96.3W",0,50,999,-999,-999,-999,-999,-999,-999,-999,-999,-999,-999,-999,0,"2002",NA,NA
"175",161,"FAY","AL062008","2008-08-15 14:00:00","18.5N","68.4W",0,35,1009,-999,-999,-999,-999,-999,-999,-999,-999,-999,-999,-999,0,"2008",NA,NA
"176",162,"FAY","AL062008","2008-08-16 11:00:00","18.8N","72.8W",0,40,1007,-999,-999,-999,-999,-999,-999,-999,-999,-999,-999,-999,0,"2008",NA,NA
"177",163,"FAY","AL062008","2008-08-17 09:00:00","19.9N","77.4W",0,45,1004,-999,-999,-999,-999,-999,-999,-999,-999,-999,-999,-999,0,"2008",NA,NA
"178",164,"FAY","AL062008","2008-08-18 07:00:00","22.1N","80.8W",0,45,1003,-999,-999,-999,-999,-999,-999,-999,-999,-999,-999,-999,0,"2008",NA,NA
"179",165,"FAY","AL062008","2008-08-18 20:00:00","24.5N","81.8W",0,50,998,-999,-999,-999,-999,-999,-999,-999,-999,-999,-999,-999,0,"2008",NA,NA
"180",166,"FAY","AL062008","2008-08-19 08:00:00","25.9N","81.6W",0,55,991,-999,-999,-999,-999,-999,-999,-999,-999,-999,-999,-999,0,"2008",NA,NA
"181",167,"FAY","AL062008","2008-08-21 19:00:00","29.3N","81.1W",0,55,993,-999,-999,-999,-999,-999,-999,-999,-999,-999,-999,-999,0,"2008",NA,NA
"182",168,"FAY","AL062008","2008-08-23 06:00:00","29.8N","84.7W",0,45,997,-999,-999,-999,-999,-999,-999,-999,-999,-999,-999,-999,152.172,"2008",NA,NA
"183",169,"FAY","AL072014","2014-10-12 08:00:00","32.3N","64.7W",150,70,984,150,150,120,50,50,60,60,0,0,0,0,0,"2014",NA,NA
"184",170,"FELIX","AL062007","2007-09-01 08:00:00","12.1N","61.7W",0,45,1001,-999,-999,-999,-999,-999,-999,-999,-999,-999,-999,-999,0,"2007",NA,NA
"185",171,"FELIX","AL062007","2007-09-04 12:00:00","14.3N","83.2W",100,140,934,100,60,100,60,60,20,60,40,40,40,40,406.592,"2007",NA,NA
"186",172,"FERNAND","AL062013","2013-08-26 04:00:00","19.5N","96.3W",30,50,1001,30,30,30,10,10,0,0,0,0,0,0,0,"2013",NA,NA
"187",173,"FERNAND","AL072019","2019-09-04 15:00:00","24.2N","97.7W",70,40,1003,0,0,70,0,0,0,0,0,0,0,0,0,"2019",NA,NA
"188",174,"FLORENCE","AL062018","2018-09-14 11:00:00","34.2N","77.8W",170,80,956,170,150,90,100,100,80,60,70,70,70,40,0,"2018",35.93,"Elizabethtown 6.2 NW, NC"
"189",175,"FLORENCE","AL071988","1988-09-10 02:00:00","29.1N","89.3W",0,70,984,-999,-999,-999,-999,-999,-999,-999,-999,-999,-999,-999,0,"1988",NA,NA
"190",176,"FLOYD","AL081999","1999-09-14 12:00:00","25.4N","76.3W",0,105,930,-999,-999,-999,-999,-999,-999,-999,-999,-999,-999,-999,0,"1999",NA,NA
"191",177,"FLOYD","AL081999","1999-09-14 19:00:00","26.3N","77.1W",0,110,932,-999,-999,-999,-999,-999,-999,-999,-999,-999,-999,-999,0,"1999",NA,NA
"192",178,"FLOYD","AL081999","1999-09-16 06:00:00","33.8N","78.0W",0,90,956,-999,-999,-999,-999,-999,-999,-999,-999,-999,-999,-999,0,"1999",NA,NA
"193",179,"FLOYD","AL131987","1987-10-12 21:00:00","25.1N","80.5W",0,65,993,-999,-999,-999,-999,-999,-999,-999,-999,-999,-999,-999,0,"1987",NA,NA
"194",180,"FRAN","AL061996","1996-09-06 00:00:00","33.9N","78.0W",0,100,954,-999,-999,-999,-999,-999,-999,-999,-999,-999,-999,-999,0,"1996",NA,NA
"195",181,"FRANCES","AL061998","1998-09-11 06:00:00","28.2N","96.9W",0,45,990,-999,-999,-999,-999,-999,-999,-999,-999,-999,-999,-999,0,"1998",NA,NA
"196",182,"FRANCES","AL062004","2004-09-02 19:00:00","24.0N","74.5W",0,110,948,-999,-999,-999,-999,-999,-999,-999,-999,-999,-999,-999,0,"2004",NA,NA
"197",183,"FRANCES","AL062004","2004-09-03 05:00:00","24.6N","75.6W",0,100,954,-999,-999,-999,-999,-999,-999,-999,-999,-999,-999,-999,0,"2004",NA,NA
"198",184,"FRANCES","AL062004","2004-09-03 10:00:00","25.1N","76.1W",0,95,956,-999,-999,-999,-999,-999,-999,-999,-999,-999,-999,-999,0,"2004",NA,NA
"199",185,"FRANCES","AL062004","2004-09-04 10:00:00","26.6N","78.2W",0,90,961,-999,-999,-999,-999,-999,-999,-999,-999,-999,-999,-999,0,"2004",NA,NA
"200",186,"FRANCES","AL062004","2004-09-05 04:00:00","27.2N","80.2W",0,90,960,-999,-999,-999,-999,-999,-999,-999,-999,-999,-999,-999,0,"2004",NA,NA
"201",187,"FRANCES","AL062004","2004-09-06 18:00:00","30.1N","84.0W",90,50,982,60,90,0,25,25,0,25,0,0,0,0,210.404,"2004",NA,NA
"202",188,"FRANKLIN","AL072017","2017-08-08 03:00:00","19.1N","87.6W",120,50,995,120,120,80,30,30,0,0,0,0,0,0,0,"2017",NA,NA
"203",189,"FRANKLIN","AL072017","2017-08-10 05:00:00","20.0N","96.6W",130,70,990,130,90,130,50,50,20,40,30,30,30,0,0,"2017",NA,NA
"204",190,"GABRIELLE","AL072007","2007-09-09 15:00:00","34.8N","76.4W",0,50,1005,-999,-999,-999,-999,-999,-999,-999,-999,-999,-999,-999,0,"2007",NA,NA
"205",191,"GABRIELLE","AL081995","1995-08-11 20:00:00","23.7N","97.8W",0,60,988,-999,-999,-999,-999,-999,-999,-999,-999,-999,-999,-999,0,"1995",NA,NA
"206",192,"GABRIELLE","AL082001","2001-09-14 12:00:00","27.1N","82.6W",0,60,983,-999,-999,-999,-999,-999,-999,-999,-999,-999,-999,-999,0,"2001",NA,NA
"207",193,"GASTON","AL072004","2004-08-29 14:00:00","33.0N","79.6W",0,65,985,-999,-999,-999,-999,-999,-999,-999,-999,-999,-999,-999,0,"2004",NA,NA
"208",194,"GEORGES","AL071998","1998-09-21 04:00:00","17.0N","61.7W",0,100,966,-999,-999,-999,-999,-999,-999,-999,-999,-999,-999,-999,0,"1998",NA,NA
"209",195,"GEORGES","AL071998","1998-09-21 08:00:00","17.2N","62.6W",0,100,966,-999,-999,-999,-999,-999,-999,-999,-999,-999,-999,-999,0,"1998",NA,NA
"210",196,"GEORGES","AL071998","1998-09-21 22:00:00","18.1N","65.8W",0,100,968,-999,-999,-999,-999,-999,-999,-999,-999,-999,-999,-999,0,"1998",NA,NA
"211",197,"GEORGES","AL071998","1998-09-22 12:00:00","18.2N","68.7W",0,105,962,-999,-999,-999,-999,-999,-999,-999,-999,-999,-999,-999,0,"1998",NA,NA
"212",198,"GEORGES","AL071998","1998-09-23 21:00:00","20.1N","74.5W",0,65,993,-999,-999,-999,-999,-999,-999,-999,-999,-999,-999,-999,0,"1998",NA,NA
"213",199,"GEORGES","AL071998","1998-09-25 15:00:00","24.5N","81.8W",0,90,981,-999,-999,-999,-999,-999,-999,-999,-999,-999,-999,-999,0,"1998",NA,NA
"214",200,"GEORGES","AL071998","1998-09-28 11:00:00","30.4N","88.9W",0,90,964,-999,-999,-999,-999,-999,-999,-999,-999,-999,-999,-999,0,"1998",NA,NA
"215",201,"GERT","AL072005","2005-07-25 00:00:00","21.8N","97.6W",75,40,1005,75,75,75,0,0,0,0,0,0,0,0,55.201,"2005",NA,NA
"216",202,"GERT","AL081993","1993-09-15 18:00:00","11.8N","83.8W",0,35,1005,-999,-999,-999,-999,-999,-999,-999,-999,-999,-999,-999,0,"1993",31.69,"Gallinas/Aquismon, MX"
"217",203,"GERT","AL081993","1993-09-18 00:00:00","17.3N","88.1W",0,35,1000,-999,-999,-999,-999,-999,-999,-999,-999,-999,-999,-999,0,"1993",31.69,"Gallinas/Aquismon, MX"
"218",204,"GERT","AL081993","1993-09-20 21:00:00","21.2N","97.5W",0,85,970,-999,-999,-999,-999,-999,-999,-999,-999,-999,-999,-999,0,"1993",31.69,"Gallinas/Aquismon, MX"
"219",205,"GILBERT","AL081988","1988-09-12 17:00:00","17.8N","76.8W",0,115,960,-999,-999,-999,-999,-999,-999,-999,-999,-999,-999,-999,0,"1988",NA,NA
"220",206,"GILBERT","AL081988","1988-09-14 15:00:00","20.7N","87.0W",0,140,900,-999,-999,-999,-999,-999,-999,-999,-999,-999,-999,-999,0,"1988",NA,NA
"221",207,"GILBERT","AL081988","1988-09-16 22:00:00","24.2N","97.8W",0,110,955,-999,-999,-999,-999,-999,-999,-999,-999,-999,-999,-999,0,"1988",NA,NA
"222",208,"GLORIA","AL091985","1985-09-27 05:00:00","35.2N","75.6W",0,90,942,-999,-999,-999,-999,-999,-999,-999,-999,-999,-999,-999,0,"1985",NA,NA
"223",209,"GLORIA","AL091985","1985-09-27 16:00:00","40.6N","73.3W",0,75,961,-999,-999,-999,-999,-999,-999,-999,-999,-999,-999,-999,0,"1985",NA,NA
"224",210,"GONZALO","AL082014","2014-10-13 14:00:00","17.1N","61.8W",80,65,990,80,50,80,30,30,20,30,15,15,15,15,0,"2014",NA,NA
"225",211,"GONZALO","AL082014","2014-10-13 22:00:00","18.1N","63.0W",90,75,984,90,60,90,30,30,20,30,15,15,15,15,0,"2014",NA,NA
"226",212,"GONZALO","AL082014","2014-10-13 23:00:00","18.2N","63.1W",90,75,984,90,60,90,30,30,20,30,15,15,15,15,0,"2014",NA,NA
"227",213,"GONZALO","AL082014","2014-10-18 00:00:00","32.3N","64.8W",150,95,952,140,150,110,80,80,60,60,50,50,50,40,391.546,"2014",NA,NA
"228",214,"GORDON","AL072018","2018-09-03 11:00:00","25.0N","80.5W",40,45,1006,40,40,0,0,0,0,0,0,0,0,0,0,"2018",12.73,"Pensacola 5 NNW, FL"
"229",215,"GORDON","AL072018","2018-09-03 13:00:00","25.2N","80.9W",40,45,1006,40,40,0,0,0,0,0,0,0,0,0,0,"2018",12.73,"Pensacola 5 NNW, FL"
"230",216,"GORDON","AL072018","2018-09-05 03:00:00","30.4N","88.5W",70,60,996,70,50,50,20,20,0,0,0,0,0,0,0,"2018",12.73,"Pensacola 5 NNW, FL"
"231",217,"GORDON","AL082012","2012-08-20 05:00:00","37.0N","25.1W",100,65,984,70,100,70,40,40,40,40,20,20,20,20,0,"2012",NA,NA
"232",218,"GORDON","AL112000","2000-09-18 03:00:00","29.3N","83.2W",0,55,991,-999,-999,-999,-999,-999,-999,-999,-999,-999,-999,-999,0,"2000",NA,NA
"233",219,"GORDON","AL121994","1994-11-10 06:00:00","14.0N","83.4W",0,30,1008,-999,-999,-999,-999,-999,-999,-999,-999,-999,-999,-999,0,"1994",NA,NA
"234",220,"GORDON","AL121994","1994-11-13 03:00:00","17.9N","76.8W",0,35,1000,-999,-999,-999,-999,-999,-999,-999,-999,-999,-999,-999,0,"1994",NA,NA
"235",221,"GORDON","AL121994","1994-11-13 13:00:00","20.0N","74.9W",0,40,1000,-999,-999,-999,-999,-999,-999,-999,-999,-999,-999,-999,0,"1994",NA,NA
"236",222,"GORDON","AL121994","1994-11-15 13:00:00","24.6N","81.7W",0,45,999,-999,-999,-999,-999,-999,-999,-999,-999,-999,-999,-999,0,"1994",NA,NA
"237",223,"GORDON","AL121994","1994-11-16 13:00:00","26.5N","81.9W",0,45,996,-999,-999,-999,-999,-999,-999,-999,-999,-999,-999,-999,0,"1994",NA,NA
"238",224,"GORDON","AL121994","1994-11-21 03:00:00","28.5N","80.6W",0,25,1011,-999,-999,-999,-999,-999,-999,-999,-999,-999,-999,-999,0,"1994",NA,NA
"239",225,"GRACE","AL112003","2003-08-31 11:00:00","29.4N","95.1W",0,35,1007,-999,-999,-999,-999,-999,-999,-999,-999,-999,-999,-999,0,"2003",NA,NA
"240",226,"GUSTAV","AL072008","2008-08-26 18:00:00","18.1N","72.8W",45,70,992,45,45,30,25,25,15,15,15,15,15,10,571.47,"2008",NA,NA
"241",227,"GUSTAV","AL072008","2008-08-28 18:00:00","18.0N","76.2W",60,60,984,60,40,40,20,20,0,0,0,0,0,0,412.933,"2008",NA,NA
"242",228,"GUSTAV","AL072008","2008-08-29 02:00:00","17.9N","77.2W",90,60,987,90,80,50,30,30,0,0,0,0,0,0,0,"2008",NA,NA
"243",229,"GUSTAV","AL072008","2008-08-30 18:00:00","21.6N","82.5W",150,125,943,150,120,120,100,100,45,60,60,60,60,30,147.85,"2008",NA,NA
"244",230,"GUSTAV","AL072008","2008-08-30 22:00:00","22.4N","83.1W",155,135,941,155,120,125,100,100,50,65,60,60,60,30,0,"2008",NA,NA
"245",231,"GUSTAV","AL072008","2008-09-01 15:00:00","29.2N","90.7W",175,90,954,175,175,135,130,130,70,75,35,35,35,30,0,"2008",NA,NA
"246",232,"GUSTAV","AL082002","2002-09-12 04:00:00","45.6N","60.4W",0,80,960,-999,-999,-999,-999,-999,-999,-999,-999,-999,-999,-999,0,"2002",NA,NA
"247",233,"GUSTAV","AL082002","2002-09-12 09:00:00","47.6N","58.6W",0,65,963,-999,-999,-999,-999,-999,-999,-999,-999,-999,-999,-999,0,"2002",NA,NA
"248",234,"HANNA","AL082008","2008-09-02 00:00:00","21.8N","72.3W",150,75,977,150,150,100,90,90,60,60,40,40,40,40,481.01,"2008",NA,NA
"249",235,"HANNA","AL082008","2008-09-03 19:00:00","21.7N","71.8W",250,50,994,250,200,200,85,85,0,75,0,0,0,0,0,"2008",NA,NA
"250",236,"HANNA","AL082008","2008-09-06 07:00:00","33.8N","78.7W",175,60,981,175,175,0,60,60,20,0,0,0,0,0,0,"2008",NA,NA
"251",237,"HANNA","AL092002","2002-09-14 08:00:00","29.1N","89.1W",0,50,1003,-999,-999,-999,-999,-999,-999,-999,-999,-999,-999,-999,0,"2002",NA,NA
"252",238,"HANNA","AL092002","2002-09-14 15:00:00","30.4N","88.4W",0,50,1002,-999,-999,-999,-999,-999,-999,-999,-999,-999,-999,-999,0,"2002",NA,NA
"253",239,"HANNA","AL092014","2014-10-27 16:00:00","14.9N","83.3W",70,35,1005,0,0,70,0,0,0,0,0,0,0,0,0,"2014",NA,NA
"254",240,"HARVEY","AL082011","2011-08-20 17:00:00","17.0N","88.3W",0,55,995,-999,-999,-999,-999,-999,-999,-999,-999,-999,-999,-999,0,"2011",NA,NA
"255",241,"HARVEY","AL082011","2011-08-22 02:00:00","18.7N","95.2W",70,35,1005,0,0,70,0,0,0,0,0,0,0,0,0,"2011",NA,NA
"256",242,"HARVEY","AL092017","2017-08-18 10:00:00","13.1N","59.6W",50,40,1004,50,0,50,0,0,0,0,0,0,0,0,0,"2017",60.58,"Nederland 1.5 SW, TX"
"257",243,"HARVEY","AL092017","2017-08-18 15:00:00","13.2N","61.2W",60,40,1004,60,0,60,0,0,0,0,0,0,0,0,0,"2017",60.58,"Nederland 1.5 SW, TX"
"258",244,"HARVEY","AL092017","2017-08-26 03:00:00","28.0N","96.9W",120,115,937,120,90,70,60,60,40,40,35,35,35,25,0,"2017",60.58,"Nederland 1.5 SW, TX"
"259",245,"HARVEY","AL092017","2017-08-26 06:00:00","28.2N","97.1W",120,105,948,120,100,70,50,50,30,40,30,30,30,25,256.218,"2017",60.58,"Nederland 1.5 SW, TX"
"260",246,"HARVEY","AL092017","2017-08-30 08:00:00","29.8N","93.5W",70,40,991,60,60,70,0,0,0,0,0,0,0,0,0,"2017",60.58,"Nederland 1.5 SW, TX"
"261",247,"HARVEY","AL101999","1999-09-21 17:00:00","25.9N","81.7W",0,50,999,-999,-999,-999,-999,-999,-999,-999,-999,-999,-999,-999,0,"1999",NA,NA
"262",248,"HELENE","AL072012","2012-08-18 12:00:00","21.9N","97.7W",0,30,1008,0,0,0,0,0,0,0,0,0,0,0,47.747,"2012",NA,NA
"263",249,"HELENE","AL122000","2000-09-22 12:00:00","30.5N","86.6W",0,35,1006,-999,-999,-999,-999,-999,-999,-999,-999,-999,-999,-999,0,"2000",NA,NA
"264",250,"HENRI","AL101985","1985-09-24 21:00:00","40.8N","72.5W",0,35,1007,-999,-999,-999,-999,-999,-999,-999,-999,-999,-999,-999,0,"1985",NA,NA
"265",251,"HENRI","AL101985","1985-09-25 00:00:00","41.3N","71.8W",0,30,1007,-999,-999,-999,-999,-999,-999,-999,-999,-999,-999,-999,0,"1985",NA,NA
"266",252,"HENRI","AL122003","2003-09-06 09:00:00","27.9N","82.8W",0,30,1006,-999,-999,-999,-999,-999,-999,-999,-999,-999,-999,-999,0,"2003",NA,NA
"267",253,"HERMINE","AL081998","1998-09-20 05:00:00","29.1N","90.9W",0,35,1000,-999,-999,-999,-999,-999,-999,-999,-999,-999,-999,-999,0,"1998",14.14,"Fort Lauderdale, FL"
"268",254,"HERMINE","AL082004","2004-08-31 06:00:00","41.5N","70.9W",25,35,1012,0,25,0,0,0,0,0,0,0,0,0,39.97,"2004",NA,NA
"269",255,"HERMINE","AL092016","2016-09-02 05:00:00","30.1N","84.1W",150,70,981,130,150,60,70,70,40,30,30,30,30,0,0,"2016",22.36,"Tarpon Springs 3 ESE, FL"
"270",256,"HERMINE","AL102010","2010-09-07 02:00:00","25.3N","97.4W",90,60,989,90,60,30,20,20,0,0,0,0,0,0,0,"2010",NA,NA
"271",257,"HORTENSE","AL081996","1996-09-10 06:00:00","18.0N","66.9W",0,70,989,-999,-999,-999,-999,-999,-999,-999,-999,-999,-999,-999,0,"1996",23.48,"Cayey 1 NW, PR"
"272",258,"HORTENSE","AL081996","1996-09-15 03:00:00","44.8N","62.5W",0,70,978,-999,-999,-999,-999,-999,-999,-999,-999,-999,-999,-999,0,"1996",23.48,"Cayey 1 NW, PR"
"273",259,"HUGO","AL111989","1989-09-17 05:00:00","16.3N","61.3W",0,120,941,-999,-999,-999,-999,-999,-999,-999,-999,-999,-999,-999,0,"1989",NA,NA
"274",260,"HUGO","AL111989","1989-09-18 06:00:00","17.7N","64.8W",0,120,940,-999,-999,-999,-999,-999,-999,-999,-999,-999,-999,-999,0,"1989",NA,NA
"275",261,"HUGO","AL111989","1989-09-18 12:00:00","18.2N","65.5W",0,110,945,-999,-999,-999,-999,-999,-999,-999,-999,-999,-999,-999,0,"1989",NA,NA
"276",262,"HUGO","AL111989","1989-09-18 13:00:00","18.3N","65.6W",0,110,946,-999,-999,-999,-999,-999,-999,-999,-999,-999,-999,-999,0,"1989",NA,NA
"277",263,"HUGO","AL111989","1989-09-22 04:00:00","32.8N","79.8W",0,120,934,-999,-999,-999,-999,-999,-999,-999,-999,-999,-999,-999,0,"1989",NA,NA
"278",264,"HUMBERTO","AL092007","2007-09-13 07:00:00","29.6N","94.3W",0,80,985,-999,-999,-999,-999,-999,-999,-999,-999,-999,-999,-999,0,"2007",14.13,"East Bay Bayou/Jones &
  Allen, TX"
"279",265,"IDA","AL112009","2009-11-05 12:00:00","12.9N","83.6W",60,70,985,60,50,50,30,30,15,25,15,15,15,10,260.899,"2009",NA,NA
"280",266,"IGOR","AL112010","2010-09-21 15:00:00","46.6N","53.2W",400,75,950,400,350,350,200,200,140,160,75,75,75,75,0,"2010",NA,NA
"281",267,"IKE","AL092008","2008-09-07 13:00:00","21.0N","73.2W",140,110,947,140,120,125,90,90,50,75,50,50,50,50,0,"2008",NA,NA
"282",268,"IKE","AL092008","2008-09-08 02:00:00","21.1N","75.7W",150,115,945,150,140,125,90,90,50,75,50,50,50,50,0,"2008",NA,NA
"283",269,"IKE","AL092008","2008-09-09 14:00:00","22.6N","82.9W",170,70,965,155,155,170,90,90,30,90,30,30,30,30,0,"2008",NA,NA
"284",270,"IKE","AL092008","2008-09-13 07:00:00","29.3N","94.7W",225,95,950,225,200,125,150,150,80,75,110,110,110,45,0,"2008",NA,NA
"285",271,"IMELDA","AL112019","2019-09-17 17:00:00","28.9N","95.4W",40,40,1003,0,40,0,0,0,0,0,0,0,0,0,0,"2019",44.29,"Fannett 2 SSW, TX"
"286",272,"INGRID","AL102013","2013-09-16 11:00:00","23.7N","97.7W",70,55,991,70,60,30,30,30,0,0,0,0,0,0,0,"2013",NA,NA
"287",273,"IRENE","AL092011","2011-08-21 23:00:00","17.8N","64.6W",0,60,993,-999,-999,-999,-999,-999,-999,-999,-999,-999,-999,-999,0,"2011",NA,NA
"288",274,"IRENE","AL092011","2011-08-22 05:00:00","18.1N","65.8W",0,60,990,-999,-999,-999,-999,-999,-999,-999,-999,-999,-999,-999,0,"2011",NA,NA
"289",275,"IRENE","AL092011","2011-08-24 16:00:00","22.4N","74.0W",0,100,955,-999,-999,-999,-999,-999,-999,-999,-999,-999,-999,-999,0,"2011",NA,NA
"290",276,"IRENE","AL092011","2011-08-25 00:00:00","23.5N","75.1W",220,95,952,220,180,150,100,100,50,80,60,60,60,50,555.924,"2011",NA,NA
"291",277,"IRENE","AL092011","2011-08-25 09:00:00","24.7N","76.2W",0,90,950,-999,-999,-999,-999,-999,-999,-999,-999,-999,-999,-999,0,"2011",NA,NA
"292",278,"IRENE","AL092011","2011-08-25 18:00:00","26.5N","77.2W",250,90,950,250,200,160,110,110,50,75,70,70,70,50,312.015,"2011",NA,NA
"293",279,"IRENE","AL092011","2011-08-27 12:00:00","34.7N","76.6W",225,75,952,225,225,125,125,125,90,60,80,80,80,35,316.698,"2011",NA,NA
"294",280,"IRENE","AL092011","2011-08-28 09:00:00","39.4N","74.4W",280,60,959,230,280,110,150,150,80,30,0,0,0,0,0,"2011",NA,NA
"295",281,"IRENE","AL092011","2011-08-28 13:00:00","40.6N","74.0W",280,55,965,230,280,50,150,150,80,30,0,0,0,0,0,"2011",NA,NA
"296",282,"IRENE","AL131999","1999-10-14 12:00:00","21.3N","82.9W",0,60,997,-999,-999,-999,-999,-999,-999,-999,-999,-999,-999,-999,0,"1999",NA,NA
"297",283,"IRENE","AL131999","1999-10-14 19:00:00","22.7N","82.5W",0,60,986,-999,-999,-999,-999,-999,-999,-999,-999,-999,-999,-999,0,"1999",NA,NA
"298",284,"IRENE","AL131999","1999-10-15 13:00:00","24.6N","81.6W",0,65,987,-999,-999,-999,-999,-999,-999,-999,-999,-999,-999,-999,0,"1999",NA,NA
"299",285,"IRENE","AL131999","1999-10-15 20:00:00","25.3N","81.1W",0,70,987,-999,-999,-999,-999,-999,-999,-999,-999,-999,-999,-999,0,"1999",NA,NA
"300",286,"IRIS","AL101995","1995-08-27 18:00:00","17.0N","61.9W",0,50,995,-999,-999,-999,-999,-999,-999,-999,-999,-999,-999,-999,0,"1995",NA,NA
"301",287,"IRIS","AL101995","1995-08-27 23:00:00","17.7N","62.0W",0,55,993,-999,-999,-999,-999,-999,-999,-999,-999,-999,-999,-999,0,"1995",NA,NA
"302",288,"IRIS","AL112001","2001-10-09 02:00:00","16.3N","88.4W",0,125,948,-999,-999,-999,-999,-999,-999,-999,-999,-999,-999,-999,0,"2001",NA,NA
"303",289,"IRMA","AL112017","2017-09-06 05:00:00","17.7N","61.8W",150,155,914,150,110,150,80,80,40,70,45,45,45,45,0,"2017",21.66,"Fort Pierce Water Plant, FL"
"304",290,"IRMA","AL112017","2017-09-06 11:00:00","18.1N","63.1W",150,155,914,150,110,150,80,80,50,70,45,45,45,45,0,"2017",21.66,"Fort Pierce Water Plant, FL"
"305",291,"IRMA","AL112017","2017-09-06 16:00:00","18.5N","64.4W",160,155,915,160,110,150,90,90,50,70,45,45,45,45,0,"2017",21.66,"Fort Pierce Water Plant, FL"
"306",292,"IRMA","AL112017","2017-09-08 05:00:00","21.5N","73.0W",160,135,924,160,120,150,100,100,50,80,60,60,60,55,0,"2017",21.66,"Fort Pierce Water Plant, FL"
"307",293,"IRMA","AL112017","2017-09-09 03:00:00","22.3N","77.9W",160,145,924,160,140,160,100,100,50,80,60,60,60,60,0,"2017",21.66,"Fort Pierce Water Plant, FL"
"308",294,"IRMA","AL112017","2017-09-10 13:00:00","24.7N","81.5W",270,115,931,270,180,210,120,120,80,110,70,70,70,50,0,"2017",21.66,"Fort Pierce Water Plant, FL"
"309",295,"IRMA","AL112017","2017-09-10 19:00:00","25.9N","81.7W",330,100,936,330,190,220,130,130,80,110,70,70,70,50,0,"2017",21.66,"Fort Pierce Water Plant, FL"
"310",296,"ISAAC","AL092012","2012-08-25 06:00:00","18.3N","72.7W",180,55,991,180,110,180,60,60,0,0,0,0,0,0,490.298,"2012",26.71,"Pascagoula, MS"
"311",297,"ISAAC","AL092012","2012-08-25 15:00:00","20.1N","74.5W",180,50,997,180,110,150,60,60,0,0,0,0,0,0,0,"2012",26.71,"Pascagoula, MS"
"312",298,"ISAAC","AL092012","2012-08-29 00:00:00","28.9N","89.4W",180,70,967,180,150,140,90,90,60,50,50,50,50,0,207.847,"2012",26.71,"Pascagoula, MS"
"313",299,"ISAAC","AL092012","2012-08-29 08:00:00","29.2N","90.2W",180,70,966,180,150,130,90,90,60,40,50,50,50,0,0,"2012",26.71,"Pascagoula, MS"
"314",300,"ISABEL","AL111985","1985-10-10 21:00:00","30.6N","81.4W",0,35,1008,-999,-999,-999,-999,-999,-999,-999,-999,-999,-999,-999,0,"1985",NA,NA
"315",301,"ISABEL","AL132003","2003-09-18 17:00:00","34.9N","76.2W",0,90,957,-999,-999,-999,-999,-999,-999,-999,-999,-999,-999,-999,0,"2003",20.2,"Upper Sherando,
  VA"
"316",302,"ISIDORE","AL102002","2002-09-20 21:00:00","22.0N","84.1W",0,75,964,-999,-999,-999,-999,-999,-999,-999,-999,-999,-999,-999,0,"2002",NA,NA
"317",303,"ISIDORE","AL102002","2002-09-22 21:00:00","21.3N","89.3W",0,110,936,-999,-999,-999,-999,-999,-999,-999,-999,-999,-999,-999,0,"2002",NA,NA
"318",304,"ISIDORE","AL102002","2002-09-26 06:00:00","29.1N","90.3W",0,55,984,-999,-999,-999,-999,-999,-999,-999,-999,-999,-999,-999,0,"2002",NA,NA
"319",305,"IVAN","AL092004","2004-09-16 06:00:00","30.2N","87.9W",0,105,946,-999,-999,-999,-999,-999,-999,-999,-999,-999,-999,-999,118.338,"2004",NA,NA
"320",306,"IVAN","AL092004","2004-09-24 02:00:00","29.8N","93.6W",0,30,1004,0,0,0,0,0,0,0,0,0,0,0,0,"2004",NA,NA
"321",307,"JEANNE","AL112004","2004-09-14 04:00:00","16.2N","61.3W",0,30,1009,0,0,0,0,0,0,0,0,0,0,0,0,"2004",NA,NA
"322",308,"JEANNE","AL112004","2004-09-15 16:00:00","18.0N","66.0W",0,60,991,-999,-999,-999,-999,-999,-999,-999,-999,-999,-999,-999,0,"2004",NA,NA
"323",309,"JEANNE","AL112004","2004-09-16 11:00:00","18.6N","68.3W",0,70,985,-999,-999,-999,-999,-999,-999,-999,-999,-999,-999,-999,0,"2004",NA,NA
"324",310,"JEANNE","AL112004","2004-09-25 14:00:00","26.7N","77.3W",0,100,956,-999,-999,-999,-999,-999,-999,-999,-999,-999,-999,-999,0,"2004",NA,NA
"325",311,"JEANNE","AL112004","2004-09-26 04:00:00","27.2N","80.2W",0,105,950,-999,-999,-999,-999,-999,-999,-999,-999,-999,-999,-999,0,"2004",NA,NA
"326",312,"JERRY","AL111995","1995-08-23 18:00:00","27.0N","80.2W",0,35,1006,-999,-999,-999,-999,-999,-999,-999,-999,-999,-999,-999,0,"1995",NA,NA
"327",313,"JERRY","AL141989","1989-10-16 00:00:00","29.2N","95.0W",0,75,983,-999,-999,-999,-999,-999,-999,-999,-999,-999,-999,-999,0,"1989",NA,NA
"328",314,"JOAN","AL111988","1988-10-15 01:00:00","12.1N","61.8W",0,45,1003,-999,-999,-999,-999,-999,-999,-999,-999,-999,-999,-999,0,"1988",NA,NA
"329",315,"JOAN","AL111988","1988-10-17 06:00:00","12.0N","71.2W",0,55,997,-999,-999,-999,-999,-999,-999,-999,-999,-999,-999,-999,0,"1988",NA,NA
"330",316,"JOAN","AL111988","1988-10-22 10:00:00","11.9N","83.7W",0,125,932,-999,-999,-999,-999,-999,-999,-999,-999,-999,-999,-999,0,"1988",NA,NA
"331",317,"JOAQUIN","AL112015","2015-10-01 12:00:00","23.1N","73.7W",150,115,942,110,150,110,60,60,40,50,35,35,35,30,1153.459,"2015",NA,NA
"332",318,"JOAQUIN","AL112015","2015-10-02 16:00:00","23.6N","74.8W",180,110,940,130,180,120,80,80,70,70,45,45,45,45,0,"2015",NA,NA
"333",319,"JOAQUIN","AL112015","2015-10-02 21:00:00","24.1N","74.5W",180,110,942,140,180,120,80,80,70,70,50,50,50,45,0,"2015",NA,NA
"334",320,"JOSE","AL112005","2005-08-23 03:00:00","19.7N","96.4W",0,50,998,-999,-999,-999,-999,-999,-999,-999,-999,-999,-999,-999,0,"2005",NA,NA
"335",321,"JOSE","AL141999","1999-10-20 16:00:00","17.1N","61.7W",0,80,982,-999,-999,-999,-999,-999,-999,-999,-999,-999,-999,-999,0,"1999",NA,NA
"336",322,"JOSE","AL141999","1999-10-21 11:00:00","18.4N","64.6W",0,60,996,-999,-999,-999,-999,-999,-999,-999,-999,-999,-999,-999,0,"1999",NA,NA
"337",323,"JOSEPHINE","AL101996","1996-10-08 03:00:00","30.0N","83.9W",0,60,983,-999,-999,-999,-999,-999,-999,-999,-999,-999,-999,-999,0,"1996",NA,NA
"338",324,"JUAN","AL121985","1985-10-29 11:00:00","29.5N","91.4W",0,65,974,-999,-999,-999,-999,-999,-999,-999,-999,-999,-999,-999,0,"1985",NA,NA
"339",325,"JUAN","AL152003","2003-09-29 03:00:00","44.4N","63.8W",0,85,973,-999,-999,-999,-999,-999,-999,-999,-999,-999,-999,-999,0,"2003",NA,NA
"340",326,"JULIA","AL112016","2016-09-13 06:00:00","27.3N","80.2W",0,30,1010,0,0,0,0,0,0,0,0,0,0,0,94.147,"2016",17.88,"Chesapeake 3.5 NE, VA"
"341",327,"KAREN","AL122019","2019-09-24 22:00:00","18.1N","65.4W",70,40,1004,0,70,0,0,0,0,0,0,0,0,0,0,"2019",5.71,"Coamo, PR"
"342",327,"KAREN","AL122019","2019-09-24 22:00:00","18.1N","65.4W",70,40,1004,0,70,0,0,0,0,0,0,0,0,0,0,"2019",3.1,"  Christiansted 1.8 ESE, St. Croix"
"343",328,"KAREN","AL122019","2019-09-24 23:00:00","18.3N","65.3W",70,40,1004,0,70,0,0,0,0,0,0,0,0,0,0,"2019",5.71,"Coamo, PR"
"344",328,"KAREN","AL122019","2019-09-24 23:00:00","18.3N","65.3W",70,40,1004,0,70,0,0,0,0,0,0,0,0,0,0,"2019",3.1,"  Christiansted 1.8 ESE, St. Croix"
"345",329,"KAREN","AL132001","2001-10-15 12:00:00","44.2N","64.8W",0,40,998,-999,-999,-999,-999,-999,-999,-999,-999,-999,-999,-999,0,"2001",NA,NA
"346",330,"KARL","AL132010","2010-09-15 12:00:00","18.5N","87.8W",45,55,991,45,30,45,30,30,25,30,0,0,0,0,1325.76,"2010",NA,NA
"347",331,"KARL","AL132010","2010-09-17 16:00:00","19.3N","96.2W",80,100,976,80,70,80,40,40,30,40,20,20,20,20,0,"2010",NA,NA
"348",332,"KATE","AL131985","1985-11-21 22:00:00","30.0N","85.4W",0,85,967,-999,-999,-999,-999,-999,-999,-999,-999,-999,-999,-999,0,"1985",NA,NA
"349",333,"KATIA","AL132017","2017-09-09 03:00:00","20.6N","97.1W",50,65,990,50,50,40,20,20,20,20,10,10,10,10,0,"2017",NA,NA
"350",334,"KATRINA","AL122005","2005-08-25 22:00:00","26.0N","80.1W",0,70,984,-999,-999,-999,-999,-999,-999,-999,-999,-999,-999,-999,0,"2005",NA,NA
"351",335,"KATRINA","AL122005","2005-08-29 11:00:00","29.3N","89.6W",0,110,920,-999,-999,-999,-999,-999,-999,-999,-999,-999,-999,-999,0,"2005",NA,NA
"352",336,"KATRINA","AL122005","2005-08-29 14:00:00","30.2N","89.6W",0,105,928,-999,-999,-999,-999,-999,-999,-999,-999,-999,-999,-999,0,"2005",NA,NA
"353",337,"KATRINA","AL151999","1999-10-30 00:00:00","13.8N","83.4W",0,35,999,-999,-999,-999,-999,-999,-999,-999,-999,-999,-999,-999,0,"1999",NA,NA
"354",338,"KEITH","AL121988","1988-11-21 08:00:00","21.2N","86.8W",0,60,993,-999,-999,-999,-999,-999,-999,-999,-999,-999,-999,-999,0,"1988",NA,NA
"355",339,"KEITH","AL121988","1988-11-23 07:00:00","27.3N","82.6W",0,55,995,-999,-999,-999,-999,-999,-999,-999,-999,-999,-999,-999,0,"1988",NA,NA
"356",340,"KEITH","AL152000","2000-10-02 23:00:00","17.9N","88.0W",0,65,988,-999,-999,-999,-999,-999,-999,-999,-999,-999,-999,-999,0,"2000",NA,NA
"357",341,"KEITH","AL152000","2000-10-03 03:00:00","17.9N","88.2W",0,60,990,-999,-999,-999,-999,-999,-999,-999,-999,-999,-999,-999,0,"2000",NA,NA
"358",342,"KEITH","AL152000","2000-10-05 18:00:00","22.6N","97.9W",0,80,980,-999,-999,-999,-999,-999,-999,-999,-999,-999,-999,-999,0,"2000",NA,NA
"359",343,"KIRK","AL122018","2018-09-28 00:00:00","13.8N","60.9W",130,45,1002,130,130,60,0,0,0,0,0,0,0,0,608.63,"2018",NA,NA
"360",344,"KYLE","AL111996","1996-10-12 12:00:00","16.0N","88.1W",0,30,1008,-999,-999,-999,-999,-999,-999,-999,-999,-999,-999,-999,0,"1996",NA,NA
"361",345,"KYLE","AL112008","2008-09-29 00:00:00","43.8N","66.2W",210,65,985,210,210,75,75,75,60,45,70,70,70,40,40.785,"2008",NA,NA
"362",346,"KYLE","AL122002","2002-10-11 17:00:00","33.0N","79.5W",0,35,1011,-999,-999,-999,-999,-999,-999,-999,-999,-999,-999,-999,0,"2002",NA,NA
"363",347,"KYLE","AL122002","2002-10-11 22:00:00","33.9N","78.4W",0,35,1011,-999,-999,-999,-999,-999,-999,-999,-999,-999,-999,-999,0,"2002",NA,NA
"364",348,"LARRY","AL172003","2003-10-05 10:00:00","18.4N","93.5W",0,50,996,-999,-999,-999,-999,-999,-999,-999,-999,-999,-999,-999,0,"2003",NA,NA
"365",349,"LEE","AL132011","2011-09-04 10:00:00","29.6N","92.1W",225,40,986,225,225,60,0,0,0,0,0,0,0,0,0,"2011",NA,NA
"366",350,"LENNY","AL161999","1999-11-17 18:00:00","17.4N","64.8W",0,135,933,-999,-999,-999,-999,-999,-999,-999,-999,-999,-999,-999,0,"1999",NA,NA
"367",351,"LENNY","AL161999","1999-11-18 18:00:00","18.0N","63.3W",0,110,966,-999,-999,-999,-999,-999,-999,-999,-999,-999,-999,-999,0,"1999",NA,NA
"368",352,"LENNY","AL161999","1999-11-19 00:00:00","18.1N","63.1W",0,85,975,-999,-999,-999,-999,-999,-999,-999,-999,-999,-999,-999,0,"1999",NA,NA
"369",353,"LENNY","AL161999","1999-11-19 06:00:00","18.0N","62.9W",0,75,979,-999,-999,-999,-999,-999,-999,-999,-999,-999,-999,-999,0,"1999",NA,NA
"370",354,"LENNY","AL161999","1999-11-20 00:00:00","17.3N","61.8W",0,55,994,-999,-999,-999,-999,-999,-999,-999,-999,-999,-999,-999,0,"1999",NA,NA
"371",355,"LILI","AL121996","1996-10-18 09:00:00","22.3N","82.0W",0,85,975,-999,-999,-999,-999,-999,-999,-999,-999,-999,-999,-999,0,"1996",12.08,"ENPBS, FL"
"372",356,"LILI","AL132002","2002-09-30 14:00:00","19.7N","79.8W",0,65,986,-999,-999,-999,-999,-999,-999,-999,-999,-999,-999,-999,0,"2002",8.4,"Buras, LA"
"373",357,"LILI","AL132002","2002-10-01 11:00:00","21.3N","83.0W",0,90,971,-999,-999,-999,-999,-999,-999,-999,-999,-999,-999,-999,0,"2002",8.4,"Buras, LA"
"374",358,"LILI","AL132002","2002-10-01 14:00:00","22.1N","84.0W",0,90,971,-999,-999,-999,-999,-999,-999,-999,-999,-999,-999,-999,0,"2002",8.4,"Buras, LA"
"375",359,"LILI","AL132002","2002-10-03 13:00:00","29.5N","92.2W",0,80,963,-999,-999,-999,-999,-999,-999,-999,-999,-999,-999,-999,0,"2002",8.4,"Buras, LA"
"376",360,"LORENZO","AL132007","2007-09-28 05:00:00","20.5N","97.0W",0,65,993,-999,-999,-999,-999,-999,-999,-999,-999,-999,-999,-999,0,"2007",NA,NA
"377",361,"LUIS","AL131995","1995-09-05 12:00:00","17.5N","61.7W",0,115,945,-999,-999,-999,-999,-999,-999,-999,-999,-999,-999,-999,0,"1995",NA,NA
"378",362,"MARCO","AL132008","2008-10-07 12:00:00","19.9N","96.5W",15,55,998,15,15,15,5,5,0,0,0,0,0,0,248.231,"2008",NA,NA
"379",363,"MARIA","AL142011","2011-09-16 18:00:00","47.0N","53.5W",300,60,983,300,270,60,150,150,0,0,0,0,0,0,0.038,"2011",NA,NA
"380",364,"MARIA","AL152017","2017-09-19 01:00:00","15.4N","61.3W",110,145,922,110,110,90,40,40,30,40,25,25,25,25,0,"2017",37.9,"Caguas 8 S, PR"
"381",365,"MARIA","AL152017","2017-09-20 10:00:00","18.0N","65.9W",130,135,920,130,110,110,80,80,60,80,50,50,50,40,0,"2017",37.9,"Caguas 8 S, PR"
"382",366,"MARILYN","AL151995","1995-09-14 21:00:00","15.5N","61.3W",0,70,984,-999,-999,-999,-999,-999,-999,-999,-999,-999,-999,-999,0,"1995",NA,NA
"383",367,"MATTHEW","AL142004","2004-10-10 11:00:00","29.2N","91.0W",0,35,999,-999,-999,-999,-999,-999,-999,-999,-999,-999,-999,-999,0,"2004",NA,NA
"384",368,"MATTHEW","AL142016","2016-10-04 11:00:00","18.3N","74.3W",170,130,935,170,150,100,70,70,50,60,35,35,35,30,0,"2016",18.95,"Evergreen 3.3 NE, NC"
"385",369,"MATTHEW","AL142016","2016-10-05 00:00:00","20.1N","74.3W",160,115,949,160,150,100,70,70,50,60,40,40,40,40,643.547,"2016",18.95,"Evergreen 3.3 NE, NC"
"386",370,"MATTHEW","AL142016","2016-10-07 00:00:00","26.7N","79.0W",170,115,937,170,150,120,70,70,50,60,50,50,50,40,629.612,"2016",18.95,"Evergreen 3.3 NE, NC"
"387",371,"MATTHEW","AL142016","2016-10-08 15:00:00","33.0N","79.5W",190,75,967,190,160,140,70,70,60,30,30,30,30,0,0,"2016",18.95,"Evergreen 3.3 NE, NC"
"388",372,"MATTHEW","AL152010","2010-09-24 19:00:00","14.7N","83.3W",150,50,998,150,30,120,45,45,0,0,0,0,0,0,0,"2010",NA,NA
"389",373,"MATTHEW","AL152010","2010-09-25 15:00:00","16.5N","88.4W",120,35,1000,120,0,30,0,0,0,0,0,0,0,0,0,"2010",NA,NA
"390",374,"MICHAEL","AL142018","2018-10-10 17:00:00","30.0N","85.5W",140,140,919,90,140,80,60,60,50,50,35,35,35,25,0,"2018",13.01,"Black Mountain 2.4 SE, NC"
"391",375,"MICHELLE","AL152001","2001-11-04 18:00:00","21.5N","81.8W",0,120,949,-999,-999,-999,-999,-999,-999,-999,-999,-999,-999,-999,0,"2001",NA,NA
"392",376,"MICHELLE","AL152001","2001-11-04 23:00:00","22.1N","81.2W",0,115,950,-999,-999,-999,-999,-999,-999,-999,-999,-999,-999,-999,0,"2001",NA,NA
"393",377,"MICHELLE","AL152001","2001-11-05 12:00:00","24.3N","78.0W",0,80,974,-999,-999,-999,-999,-999,-999,-999,-999,-999,-999,-999,0,"2001",NA,NA
"394",378,"MICHELLE","AL152001","2001-11-05 18:00:00","25.4N","76.4W",0,75,980,-999,-999,-999,-999,-999,-999,-999,-999,-999,-999,-999,0,"2001",NA,NA
"395",379,"MITCH","AL131998","1998-10-29 12:00:00","15.9N","85.7W",0,70,987,-999,-999,-999,-999,-999,-999,-999,-999,-999,-999,-999,0,"1998",NA,NA
"396",380,"MITCH","AL131998","1998-11-04 02:00:00","20.1N","90.5W",0,35,998,-999,-999,-999,-999,-999,-999,-999,-999,-999,-999,-999,0,"1998",NA,NA
"397",381,"MITCH","AL131998","1998-11-05 11:00:00","26.2N","81.9W",0,50,989,-999,-999,-999,-999,-999,-999,-999,-999,-999,-999,-999,0,"1998",NA,NA
"398",382,"NATE","AL152011","2011-09-11 16:00:00","20.5N","97.0W",45,40,1006,45,45,45,0,0,0,0,0,0,0,0,0,"2011",NA,NA
"399",383,"NATE","AL162017","2017-10-05 12:00:00","13.9N","83.5W",40,35,999,40,40,0,0,0,0,0,0,0,0,0,200.173,"2017",9.93,"Gulf Breeze 7.2 ENE, FL"
"400",384,"NATE","AL162017","2017-10-08 00:00:00","29.1N","89.2W",110,75,983,110,100,70,50,50,0,20,30,30,30,0,31.423,"2017",9.93,"Gulf Breeze 7.2 ENE, FL"
"401",385,"NATE","AL162017","2017-10-08 05:00:00","30.4N","89.0W",100,65,984,90,100,70,40,40,0,0,25,25,25,0,0,"2017",9.93,"Gulf Breeze 7.2 ENE, FL"
"402",386,"NOEL","AL162007","2007-10-29 07:00:00","18.1N","72.5W",0,45,1002,-999,-999,-999,-999,-999,-999,-999,-999,-999,-999,-999,0,"2007",NA,NA
"403",387,"NOEL","AL162007","2007-10-30 06:00:00","21.1N","75.8W",175,50,997,175,150,100,30,30,0,30,0,0,0,0,52.242,"2007",NA,NA
"404",388,"NOEL","AL162007","2007-11-01 13:00:00","24.1N","77.9W",0,50,993,-999,-999,-999,-999,-999,-999,-999,-999,-999,-999,-999,0,"2007",NA,NA
"405",389,"NOEL","AL162007","2007-11-01 17:00:00","25.0N","77.4W",0,55,992,-999,-999,-999,-999,-999,-999,-999,-999,-999,-999,-999,0,"2007",NA,NA
"406",390,"ODETTE","AL202003","2003-12-06 23:00:00","17.8N","71.5W",0,50,995,-999,-999,-999,-999,-999,-999,-999,-999,-999,-999,-999,0,"2003",NA,NA
"407",391,"OLGA","AL172007","2007-12-11 07:00:00","18.4N","66.5W",0,40,1005,-999,-999,-999,-999,-999,-999,-999,-999,-999,-999,-999,0,"2007",NA,NA
"408",392,"OLGA","AL172007","2007-12-11 18:00:00","18.5N","68.4W",225,50,1003,225,30,175,90,90,0,0,0,0,0,0,161.874,"2007",NA,NA
"409",393,"OPAL","AL171995","1995-10-04 22:00:00","30.3N","87.1W",0,100,942,-999,-999,-999,-999,-999,-999,-999,-999,-999,-999,-999,0,"1995",NA,NA
"410",394,"OPHELIA","AL162005","2005-09-06 16:00:00","26.6N","78.3W",0,25,1010,0,0,0,0,0,0,0,0,0,0,0,0,"2005",NA,NA
"411",395,"OPHELIA","AL172017","2017-10-16 11:00:00","51.9N","10.4W",240,70,957,150,240,210,70,70,120,80,30,30,30,30,0,"2017",NA,NA
"412",396,"OTTO","AL162016","2016-11-24 17:00:00","11.0N","83.8W",50,100,975,50,50,50,30,30,30,30,15,15,15,15,0,"2016",NA,NA
"413",397,"PALOMA","AL172008","2008-11-09 01:00:00","20.7N","78.0W",80,85,970,80,60,70,30,30,30,30,15,15,15,15,0,"2008",NA,NA
"414",398,"PAULA","AL182010","2010-10-11 12:00:00","15.0N","83.2W",45,45,1004,30,30,45,0,0,0,0,0,0,0,0,396.817,"2010",NA,NA
"415",399,"PAULA","AL182010","2010-10-14 15:00:00","22.7N","83.9W",45,55,1000,45,45,40,20,20,20,15,0,0,0,0,0,"2010",NA,NA
"416",400,"PHILIPPE","AL182017","2017-10-28 22:00:00","22.2N","81.6W",120,35,1000,90,120,0,0,0,0,0,0,0,0,0,0,"2017",10.93,"Aberdeen 3.7 WNW & Boynton Beach 5 WNW, FL"
"417",401,"RICHARD","AL192010","2010-10-25 00:00:00","17.2N","88.3W",90,85,977,90,60,60,30,30,20,30,15,15,15,15,558.564,"2010",NA,NA
"418",402,"RINA","AL182011","2011-10-28 02:00:00","20.5N","87.2W",60,50,996,60,60,40,20,20,0,0,0,0,0,0,0,"2011",NA,NA
"419",403,"RITA","AL182005","2005-09-24 07:00:00","29.7N","93.7W",0,100,937,-999,-999,-999,-999,-999,-999,-999,-999,-999,-999,-999,0,"2005",NA,NA
"420",404,"ROXANNE","AL191995","1995-10-11 02:00:00","20.0N","87.6W",0,100,958,-999,-999,-999,-999,-999,-999,-999,-999,-999,-999,-999,0,"1995",NA,NA
"421",405,"SANDY","AL182012","2012-10-24 19:00:00","17.9N","76.6W",180,75,971,150,180,70,50,50,40,40,25,25,25,25,0,"2012",12.83,"Belleview 0.3 NNE, MD"
"422",406,"SANDY","AL182012","2012-10-25 05:00:00","20.0N","76.0W",240,100,954,240,240,120,50,50,40,40,30,30,30,25,0,"2012",12.83,"Belleview 0.3 NNE, MD"
"423",407,"SANDY","AL182012","2012-10-29 23:00:00","39.4N","74.4W",490,70,945,460,370,490,180,180,80,50,70,70,70,0,0,"2012",12.83,"Belleview 0.3 NNE, MD"
"424",408,"SIXTEEN","AL162008","2008-10-15 12:00:00","15.8N","84.5W",0,25,1005,0,0,0,0,0,0,0,0,0,0,0,25.91,"2008",NA,NA
"425",409,"STAN","AL202005","2005-10-02 10:00:00","19.6N","87.5W",0,35,1003,-999,-999,-999,-999,-999,-999,-999,-999,-999,-999,-999,0,"2005",NA,NA
"426",410,"STAN","AL202005","2005-10-04 12:00:00","18.6N","94.9W",90,70,977,90,75,75,45,45,30,30,15,15,15,15,248.899,"2005",NA,NA
"427",411,"TAMMY","AL222005","2005-10-05 23:00:00","30.4N","81.4W",0,45,1002,-999,-999,-999,-999,-999,-999,-999,-999,-999,-999,-999,0,"2005",NA,NA
"428",412,"TEN","AL102007","2007-09-22 00:00:00","30.4N","86.7W",0,25,1006,0,0,0,0,0,0,0,0,0,0,0,56.319,"2007",NA,NA
"429",413,"TOMAS","AL212010","2010-10-30 09:00:00","13.0N","59.5W",90,60,997,90,50,90,30,30,0,30,0,0,0,0,0,"2010",NA,NA
"430",414,"TOMAS","AL212010","2010-10-30 20:00:00","13.4N","61.2W",120,85,987,120,60,90,50,50,20,40,20,20,20,0,0,"2010",NA,NA
"431",415,"TOMAS","AL212010","2010-11-06 07:00:00","21.7N","71.6W",100,60,992,100,100,50,40,40,20,30,0,0,0,0,0,"2010",NA,NA
"432",416,"TWO","AL022010","2010-07-08 14:00:00","26.1N","97.1W",0,30,1006,0,0,0,0,0,0,0,0,0,0,0,0,"2010",NA,NA
"433",417,"UNNAMED","AL021994","1994-07-20 14:00:00","33.2N","79.2W",0,30,1015,-999,-999,-999,-999,-999,-999,-999,-999,-999,-999,-999,0,"1994",NA,NA
"434",418,"UNNAMED","AL021999","1999-07-03 04:00:00","20.5N","97.0W",0,30,1004,-999,-999,-999,-999,-999,-999,-999,-999,-999,-999,-999,0,"1999",NA,NA
"435",419,"UNNAMED","AL031987","1987-08-10 06:00:00","29.5N","94.5W",0,40,1009,-999,-999,-999,-999,-999,-999,-999,-999,-999,-999,-999,0,"1987",NA,NA
"436",420,"UNNAMED","AL051994","1994-08-31 06:00:00","22.4N","98.0W",0,30,1007,-999,-999,-999,-999,-999,-999,-999,-999,-999,-999,-999,0,"1994",NA,NA
"437",421,"UNNAMED","AL061995","1995-08-06 23:00:00","21.5N","97.4W",0,30,1002,-999,-999,-999,-999,-999,-999,-999,-999,-999,-999,-999,0,"1995",NA,NA
"438",422,"UNNAMED","AL071999","1999-09-06 12:00:00","23.2N","97.7W",0,30,1006,-999,-999,-999,-999,-999,-999,-999,-999,-999,-999,-999,0,"1999",NA,NA
"439",423,"UNNAMED","AL072003","2003-07-26 06:00:00","31.5N","81.3W",0,25,1018,-999,-999,-999,-999,-999,-999,-999,-999,-999,-999,-999,0,"2003",NA,NA
"440",424,"UNNAMED","AL081994","1994-09-25 18:00:00","16.6N","88.4W",0,30,1004,-999,-999,-999,-999,-999,-999,-999,-999,-999,-999,-999,0,"1994",NA,NA
"441",425,"UNNAMED","AL092000","2000-09-09 10:00:00","29.9N","93.9W",0,25,1009,-999,-999,-999,-999,-999,-999,-999,-999,-999,-999,-999,0,"2000",NA,NA
"442",426,"UNNAMED","AL092001","2001-09-20 00:00:00","13.9N","83.5W",0,30,1006,-999,-999,-999,-999,-999,-999,-999,-999,-999,-999,-999,0,"2001",NA,NA
"443",427,"UNNAMED","AL121991","1991-11-02 14:00:00","44.6N","63.5W",0,45,998,-999,-999,-999,-999,-999,-999,-999,-999,-999,-999,-999,0,"1991",NA,NA
"444",428,"UNNAMED","AL142002","2002-10-16 16:00:00","22.0N","80.7W",0,25,1006,-999,-999,-999,-999,-999,-999,-999,-999,-999,-999,-999,0,"2002",NA,NA
"445",429,"VINCE","AL242005","2005-10-11 09:00:00","37.2N","7.1W",0,30,1002,0,0,0,0,0,0,0,0,0,0,0,0,"2005",NA,NA
"446",430,"WILMA","AL252005","2005-10-21 21:00:00","20.6N","86.8W",0,130,927,-999,-999,-999,-999,-999,-999,-999,-999,-999,-999,-999,0,"2005",NA,NA
"447",431,"WILMA","AL252005","2005-10-22 03:00:00","20.8N","86.9W",0,115,933,-999,-999,-999,-999,-999,-999,-999,-999,-999,-999,-999,0,"2005",NA,NA
"448",432,"WILMA","AL252005","2005-10-24 10:00:00","25.9N","81.7W",0,105,950,-999,-999,-999,-999,-999,-999,-999,-999,-999,-999,-999,0,"2005",NA,NA
