"","Name","Time","Latitude","Longitude","MaxWindSpeed","CentPressure","Rainfall","Surge","RainfallCumulativeCMORPHDay0","RainfallCumulativeCMORPHDay1","RainfallCumulativeCMORPHDay2","RainfallCumulativeCMORPHDay3","RainfallCumulativeCMORPHDay4"
"1","ALICIA","1983-08-18",29.1,-95.1,100,962,241.3,NA,NA,NA,NA,NA,NA
"2","BARRY1983","1983-08-25",27.9,-80.6,30,1013,76.454,4,NA,NA,NA,NA,NA
"3","BARRY1983","1983-08-28",25.4,-97.4,70,986,NA,4,NA,NA,NA,NA,NA
"4","DIANA1984","1984-09-13",33.9,-78,80,979,482.092,NA,NA,NA,NA,NA,NA
"5","BOB1985","1985-07-25",32.2,-80.5,65,1003,546.1,NA,NA,NA,NA,NA,NA
"6","DANNY1985","1985-08-15",29.6,-92.7,80,987,248.92,NA,NA,NA,NA,NA,NA
"7","ELENA","1985-09-02",30.4,-89.2,100,959,398.018,1.97,NA,NA,NA,NA,NA
"8","HENRI1985","1985-09-24",40.8,-72.5,35,1007,80.264,NA,NA,NA,NA,NA,NA
"9","HENRI1985","1985-09-25",41.3,-71.8,30,1007,79.502,NA,NA,NA,NA,NA,NA
"10","GLORIA","1985-09-27",35.2,-75.6,90,942,246.38,NA,NA,NA,NA,NA,NA
"11","GLORIA","1985-09-27",40.6,-73.3,75,961,NA,NA,NA,NA,NA,NA,NA
"12","ISABEL1985","1985-10-10",30.6,-81.4,35,1008,85.852,16.2,NA,NA,NA,NA,NA
"13","JUAN1985","1985-10-29",29.5,-91.4,65,974,451.612,4.92,NA,NA,NA,NA,NA
"14","KATE","1985-11-21",30,-85.4,85,967,211.328,11,NA,NA,NA,NA,NA
"15","BONNIE1986","1986-06-26",29.6,-94.2,75,990,330.2,1.9,NA,NA,NA,NA,NA
"16","CHARLEY1986","1986-08-17",34.7,-76.5,65,990,218.694,13.12,NA,NA,NA,NA,NA
"17","UNNAMED1987","1987-08-10",29.5,-94.5,40,1009,NA,3.28,NA,NA,NA,NA,NA
"18","EMILY1987","1987-09-23",18.3,-71,95,965,117.602,15,NA,NA,NA,NA,NA
"19","EMILY1987","1987-09-25",32.3,-64.7,75,974,67.31,15,NA,NA,NA,NA,NA
"20","FLOYD1987","1987-10-12",25.1,-80.5,65,993,255.778,5.28,NA,NA,NA,NA,NA
"21","CHRIS","1988-08-28",32,-80.9,40,1005,194.056,NA,NA,NA,NA,NA,NA
"22","DEBBY1988","1988-09-03",20.7,-97.3,65,987,662.686,4.49,NA,NA,NA,NA,NA
"23","FLORENCE1988","1988-09-10",29.1,-89.3,70,984,274.066,6,NA,NA,NA,NA,NA
"24","GILBERT","1988-09-12",17.8,-76.8,115,960,350.012,9,NA,NA,NA,NA,NA
"25","GILBERT","1988-09-14",20.7,-87,140,900,218.44,9,NA,NA,NA,NA,NA
"26","GILBERT","1988-09-16",24.2,-97.8,110,955,NA,9,NA,NA,NA,NA,NA
"27","JOAN","1988-10-15",12.1,-61.8,45,1003,NA,NA,NA,NA,NA,NA,NA
"28","JOAN","1988-10-17",12,-71.2,55,997,NA,NA,NA,NA,NA,NA,NA
"29","JOAN","1988-10-22",11.9,-83.7,125,932,NA,NA,NA,NA,NA,NA,NA
"30","KEITH1988","1988-11-21",21.2,-86.8,60,993,260.858,5,NA,NA,NA,NA,NA
"31","KEITH1988","1988-11-23",27.3,-82.6,55,995,195.072,5,NA,NA,NA,NA,NA
"32","ALLISON1989","1989-06-26",28.7,-95.7,40,1002,652.018,3,NA,NA,NA,NA,NA
"33","CHANTAL1989","1989-08-01",29.6,-94.4,70,986,508,NA,NA,NA,NA,NA,NA
"34","DEAN1989","1989-08-08",46.9,-55.9,55,991,NA,18,NA,NA,NA,NA,NA
"35","HUGO","1989-09-17",16.3,-61.3,120,941,261.112,8.2,NA,NA,NA,NA,NA
"36","HUGO","1989-09-18",17.7,-64.8,120,940,284.48,8.2,NA,NA,NA,NA,NA
"37","HUGO","1989-09-18",18.2,-65.5,110,945,447.04,8.2,NA,NA,NA,NA,NA
"38","HUGO","1989-09-18",18.3,-65.6,110,946,NA,8.2,NA,NA,NA,NA,NA
"39","HUGO","1989-09-22",32.8,-79.8,120,934,NA,8.2,NA,NA,NA,NA,NA
"40","JERRY1989","1989-10-16",29.2,-95,75,983,170.434,NA,NA,NA,NA,NA,NA
"41","DIANA1990","1990-08-05",19,-87.6,55,994,NA,NA,NA,NA,NA,NA,NA
"42","DIANA1990","1990-08-07",20.9,-97,85,980,NA,NA,NA,NA,NA,NA,NA
"43","BOB1991","1991-08-19",41.2,-71.6,90,962,NA,NA,NA,NA,NA,NA,NA
"44","BOB1991","1991-08-19",41.4,-71.4,85,964,NA,NA,NA,NA,NA,NA,NA
"45","BOB1991","1991-08-20",44.1,-69.1,60,981,NA,NA,NA,NA,NA,NA,NA
"46","ERIKA1991","1991-09-12",37.7,-25.9,35,1009,NA,NA,NA,NA,NA,NA,NA
"47","FABIAN","1991-10-15",21.5,-82.8,40,1004,106.426,10,NA,NA,NA,NA,NA
"48","FABIAN","1991-10-16",22.4,-81.8,40,1004,NA,10,NA,NA,NA,NA,NA
"49","UNNAMED1991","1991-11-02",44.6,-63.5,45,998,NA,3.28,NA,NA,NA,NA,NA
"50","ANDREW","1992-08-23",25.4,-76.6,140,923,355.092,16,NA,NA,NA,NA,NA
"51","ANDREW","1992-08-24",25.4,-77.8,130,931,NA,16,NA,NA,NA,NA,NA
"52","ANDREW","1992-08-24",25.5,-80.2,145,926,NA,16,NA,NA,NA,NA,NA
"53","ANDREW","1992-08-24",25.5,-80.3,145,922,NA,16,NA,NA,NA,NA,NA
"54","ANDREW","1992-08-26",29.6,-91.5,100,956,NA,16,NA,NA,NA,NA,NA
"55","DANIELLE1992","1992-09-25",37.8,-75.5,55,1007,106.68,NA,NA,NA,NA,NA,NA
"56","CHARLEY1992","1992-09-27",38,-28,55,981,NA,13.12,NA,NA,NA,NA,NA
"57","ARLENE1993","1993-06-20",27.1,-97.4,35,1001,387.604,5,NA,NA,NA,NA,NA
"58","BRET1993","1993-08-07",10.8,-60.8,50,1002,NA,NA,NA,NA,NA,NA,NA
"59","BRET1993","1993-08-07",10.8,-61.8,50,1002,NA,NA,NA,NA,NA,NA,NA
"60","BRET1993","1993-08-08",11,-68.3,40,1007,NA,NA,NA,NA,NA,NA,NA
"61","BRET1993","1993-08-10",11.1,-83.8,40,1002,NA,NA,NA,NA,NA,NA,NA
"62","CINDY1993","1993-08-14",14.5,-60.9,35,1012,116.84,NA,NA,NA,NA,NA,NA
"63","CINDY1993","1993-08-16",18.3,-71,30,1009,37.592,NA,NA,NA,NA,NA,NA
"64","GERT1993","1993-09-15",11.8,-83.8,35,1005,804.926,3,NA,NA,NA,NA,NA
"65","GERT1993","1993-09-18",17.3,-88.1,35,1000,NA,3,NA,NA,NA,NA,NA
"66","GERT1993","1993-09-20",21.2,-97.5,85,970,NA,3,NA,NA,NA,NA,NA
"67","ALBERTO1994","1994-07-03",30.4,-86.5,55,993,707.39,NA,NA,NA,NA,NA,NA
"68","UNNAMED1994","1994-07-20",33.2,-79.2,30,1015,NA,3.28,NA,NA,NA,NA,NA
"69","BERYL1994","1994-08-16",30,-85.6,50,1000,443.23,NA,NA,NA,NA,NA,NA
"70","UNNAMED1994","1994-08-31",22.4,-98,30,1007,NA,3.28,NA,NA,NA,NA,NA
"71","DEBBY1994","1994-09-10",14,-61,55,1007,NA,4.49,NA,NA,NA,NA,NA
"72","UNNAMED1994","1994-09-25",16.6,-88.4,30,1004,NA,3.28,NA,NA,NA,NA,NA
"73","GORDON1994","1994-11-10",14,-83.4,30,1008,408.94,NA,NA,NA,NA,NA,NA
"74","GORDON1994","1994-11-13",17.9,-76.8,35,1000,NA,NA,NA,NA,NA,NA,NA
"75","GORDON1994","1994-11-13",20,-74.9,40,1000,NA,NA,NA,NA,NA,NA,NA
"76","GORDON1994","1994-11-15",24.6,-81.7,45,999,NA,NA,NA,NA,NA,NA,NA
"77","GORDON1994","1994-11-16",26.5,-81.9,45,996,NA,NA,NA,NA,NA,NA,NA
"78","GORDON1994","1994-11-21",28.5,-80.6,25,1011,NA,NA,NA,NA,NA,NA,NA
"79","ALLISON1995","1995-06-05",29.9,-84.4,60,991,NA,3,NA,NA,NA,NA,NA
"80","ALLISON1995","1995-06-05",30.1,-84.2,55,991,NA,3,NA,NA,NA,NA,NA
"81","BARRY1995","1995-07-09",45.3,-61,50,990,NA,4,NA,NA,NA,NA,NA
"82","BARRY1995","1995-07-09",45.6,-60.8,45,990,NA,4,NA,NA,NA,NA,NA
"83","DEAN1995","1995-07-31",29.2,-95.3,40,999,NA,18,NA,NA,NA,NA,NA
"84","ERIN1995","1995-08-02",27.7,-80.3,75,984,508,3.1,NA,NA,NA,NA,NA
"85","ERIN1995","1995-08-03",30.3,-87.2,75,973,NA,3.1,NA,NA,NA,NA,NA
"86","UNNAMED1995","1995-08-06",21.5,-97.4,30,1002,NA,3.28,NA,NA,NA,NA,NA
"87","GABRIELLE1995","1995-08-11",23.7,-97.8,60,988,493.776,NA,NA,NA,NA,NA,NA
"88","JERRY1995","1995-08-23",27,-80.2,35,1006,NA,NA,NA,NA,NA,NA,NA
"89","IRIS1995","1995-08-27",17,-61.9,50,995,NA,15,NA,NA,NA,NA,NA
"90","IRIS1995","1995-08-27",17.7,-62,55,993,NA,15,NA,NA,NA,NA,NA
"91","LUIS","1995-09-05",17.5,-61.7,115,945,NA,NA,NA,NA,NA,NA,NA
"92","MARILYN","1995-09-14",15.5,-61.3,70,984,508,NA,NA,NA,NA,NA,NA
"93","OPAL","1995-10-04",30.3,-87.1,100,942,493.268,NA,NA,NA,NA,NA,NA
"94","ROXANNE","1995-10-11",20,-87.6,100,958,675.894,10,NA,NA,NA,NA,NA
"95","ARTHUR1996","1996-06-20",34.7,-76.4,35,1005,NA,NA,NA,NA,NA,NA,NA
"96","BERTHA1996","1996-07-12",34.3,-77.8,90,974,233.68,NA,NA,NA,NA,NA,NA
"97","CESAR","1996-07-28",12.2,-83.9,75,985,NA,NA,NA,NA,NA,NA,NA
"98","DOLLY1996","1996-08-20",19.1,-87.7,65,999,950.214,4,NA,NA,NA,NA,NA
"99","DOLLY1996","1996-08-23",21.6,-97.7,70,989,NA,4,NA,NA,NA,NA,NA
"100","FRAN","1996-09-06",33.9,-78,100,954,406.4,3.28,NA,NA,NA,NA,NA
"101","HORTENSE","1996-09-10",18,-66.9,70,989,596.392,NA,NA,NA,NA,NA,NA
"102","HORTENSE","1996-09-15",44.8,-62.5,70,978,NA,NA,NA,NA,NA,NA,NA
"103","JOSEPHINE","1996-10-08",30,-83.9,60,983,289.306,NA,NA,NA,NA,NA,NA
"104","KYLE1996","1996-10-12",16,-88.1,30,1008,145.034,NA,NA,NA,NA,NA,NA
"105","LILI1996","1996-10-18",22.3,-82,85,975,306.832,6,NA,NA,NA,NA,NA
"106","DANNY1997","1997-07-18",29.3,-89.7,65,989,NA,NA,NA,NA,NA,NA,NA
"107","DANNY1997","1997-07-19",30.2,-88.1,70,984,NA,NA,NA,NA,NA,NA,NA
"108","DANNY1997","1997-07-19",30.4,-87.9,65,986,NA,NA,NA,NA,NA,NA,NA
"109","CHARLEY1998","1998-08-22",27.8,-97.1,40,1000,NA,13.12,NA,NA,NA,NA,NA
"110","BONNIE1998","1998-08-27",34.4,-77.7,95,964,NA,1.9,NA,NA,NA,NA,NA
"111","EARL1998","1998-09-03",30.1,-85.7,70,987,415.544,NA,NA,NA,NA,NA,NA
"112","FRANCES1998","1998-09-11",28.2,-96.9,45,990,1119.124,NA,NA,NA,NA,NA,NA
"113","HERMINE1998","1998-09-20",29.1,-90.9,35,1000,359.156,3.4,NA,NA,NA,NA,NA
"114","GEORGES","1998-09-21",17,-61.7,100,966,976.884,10,NA,NA,NA,NA,NA
"115","GEORGES","1998-09-21",17.2,-62.6,100,966,774.954,10,NA,NA,NA,NA,NA
"116","GEORGES","1998-09-21",18.1,-65.8,100,968,NA,10,NA,NA,NA,NA,NA
"117","GEORGES","1998-09-22",18.2,-68.7,105,962,NA,10,NA,NA,NA,NA,NA
"118","GEORGES","1998-09-23",20.1,-74.5,65,993,NA,10,NA,NA,NA,NA,NA
"119","GEORGES","1998-09-25",24.5,-81.8,90,981,NA,10,NA,NA,NA,NA,NA
"120","GEORGES","1998-09-28",30.4,-88.9,90,964,NA,10,NA,NA,NA,NA,NA
"121","MITCH","1998-10-29",15.9,-85.7,70,987,427.99,11.81,NA,NA,NA,NA,NA
"122","MITCH","1998-11-04",20.1,-90.5,35,998,284.48,11.81,NA,NA,NA,NA,NA
"123","MITCH","1998-11-05",26.2,-81.9,50,989,NA,11.81,NA,NA,NA,NA,NA
"124","UNNAMED1999","1999-07-03",20.5,-97,30,1004,NA,3.28,NA,NA,NA,NA,NA
"125","BRET1999","1999-08-23",26.9,-97.4,100,951,NA,NA,NA,NA,NA,NA,NA
"126","DENNIS1999","1999-08-28",26.6,-76.8,75,976,505.714,NA,NA,NA,NA,NA,NA
"127","DENNIS1999","1999-09-04",34.8,-76.5,60,984,NA,NA,NA,NA,NA,NA,NA
"128","UNNAMED1999","1999-09-06",23.2,-97.7,30,1006,NA,3.28,NA,NA,NA,NA,NA
"129","FLOYD1999","1999-09-14",25.4,-76.3,105,930,NA,5.28,NA,NA,NA,NA,NA
"130","FLOYD1999","1999-09-14",26.3,-77.1,110,932,NA,5.28,NA,NA,NA,NA,NA
"131","FLOYD1999","1999-09-16",33.8,-78,90,956,NA,5.28,NA,NA,NA,NA,NA
"132","HARVEY1999","1999-09-21",25.9,-81.7,50,999,260.096,NA,NA,NA,NA,NA,NA
"133","IRENE1999","1999-10-14",21.3,-82.9,60,997,443.23,7.09,NA,NA,NA,NA,NA
"134","IRENE1999","1999-10-14",22.7,-82.5,60,986,NA,7.09,NA,NA,NA,NA,NA
"135","IRENE1999","1999-10-15",24.6,-81.6,65,987,NA,7.09,NA,NA,NA,NA,NA
"136","IRENE1999","1999-10-15",25.3,-81.1,70,987,NA,7.09,NA,NA,NA,NA,NA
"137","JOSE1999","1999-10-20",17.1,-61.7,80,982,166.116,NA,NA,NA,NA,NA,NA
"138","JOSE1999","1999-10-21",18.4,-64.6,60,996,NA,NA,NA,NA,NA,NA,NA
"139","KATRINA1999","1999-10-30",13.8,-83.4,35,999,160.528,4,NA,NA,NA,NA,NA
"140","LENNY","1999-11-17",17.4,-64.8,135,933,866.648,17.5,NA,NA,NA,NA,NA
"141","LENNY","1999-11-18",18,-63.3,110,966,371.856,17.5,NA,NA,NA,NA,NA
"142","LENNY","1999-11-19",18.1,-63.1,85,975,NA,17.5,NA,NA,NA,NA,NA
"143","LENNY","1999-11-19",18,-62.9,75,979,NA,17.5,NA,NA,NA,NA,NA
"144","LENNY","1999-11-20",17.3,-61.8,55,994,NA,17.5,NA,NA,NA,NA,NA
"145","DEBBY2000","2000-08-22",17.5,-61.7,65,993,NA,4.49,NA,NA,NA,NA,NA
"146","DEBBY2000","2000-08-22",17.9,-62.8,65,993,NA,4.49,NA,NA,NA,NA,NA
"147","DEBBY2000","2000-08-22",18.5,-64.4,65,994,NA,4.49,NA,NA,NA,NA,NA
"148","UNNAMED2000","2000-09-09",29.9,-93.9,25,1009,NA,3.28,NA,NA,NA,NA,NA
"149","GORDON2000","2000-09-18",29.3,-83.2,55,991,NA,NA,NA,NA,NA,NA,NA
"150","HELENE2000","2000-09-22",30.5,-86.6,35,1006,243.84,1,NA,NA,NA,NA,NA
"151","KEITH2000","2000-10-02",17.9,-88,65,988,NA,5,NA,NA,NA,NA,NA
"152","KEITH2000","2000-10-03",17.9,-88.2,60,990,NA,5,NA,NA,NA,NA,NA
"153","KEITH2000","2000-10-05",22.6,-97.9,80,980,NA,5,NA,NA,NA,NA,NA
"154","ALLISON2001","2001-06-05",28.9,-95.3,45,1003,NA,3,NA,NA,NA,NA,NA
"155","ALLISON2001","2001-06-11",29.6,-91.6,30,1004,NA,3,NA,NA,NA,NA,NA
"156","BARRY2001","2001-08-06",30.4,-86.3,60,990,NA,4,NA,NA,NA,NA,NA
"157","PABUK","2001-08-21",33.5,135.5,55,970,41.5,NA,NA,NA,NA,NA,NA
"158","CHANTAL2001","2001-08-21",18.1,-87.8,60,999,60.198,NA,NA,NA,NA,NA,NA
"159","PABUK","2001-08-22",34.8,138.8,45,982,13,NA,NA,NA,NA,NA,NA
"160","NARI2001","2001-09-06",26.1,127.6,50,985,0,NA,NA,NA,NA,NA,NA
"161","NARI2001","2001-09-07",26.3,127.8,60,975,1,NA,NA,NA,NA,NA,NA
"162","DANAS2001","2001-09-11",35.2,139.5,55,970,99.5,NA,NA,NA,NA,NA,NA
"163","NARI2001","2001-09-12",26.4,126.8,60,975,NA,NA,NA,NA,NA,NA,NA
"164","GABRIELLE2001","2001-09-14",27.1,-82.6,60,983,NA,NA,NA,NA,NA,NA,NA
"165","UNNAMED2001","2001-09-20",13.9,-83.5,30,1006,NA,3.28,NA,NA,NA,NA,NA
"166","IRIS2001","2001-10-09",16.3,-88.4,125,948,NA,15,NA,NA,NA,NA,NA
"167","KAREN2001","2001-10-15",44.2,-64.8,40,998,NA,NA,NA,NA,NA,NA,NA
"168","MICHELLE","2001-11-04",21.5,-81.8,120,949,126.746,10,NA,NA,NA,NA,NA
"169","MICHELLE","2001-11-04",22.1,-81.2,115,950,NA,10,NA,NA,NA,NA,NA
"170","MICHELLE","2001-11-05",24.3,-78,80,974,NA,10,NA,NA,NA,NA,NA
"171","MICHELLE","2001-11-05",25.4,-76.4,75,980,NA,10,NA,NA,NA,NA,NA
"172","NOGURI","2002-06-09",24.6,125.3,60,975,0,NA,NA,NA,NA,NA,NA
"173","RAMMASUN","2002-06-29",11.3,136.2,38.8768,996,0,NA,NA,NA,NA,NA,NA
"174","RAMMASUN","2002-06-30",13.3,134.6,50.53984,985,1.5,NA,NA,NA,NA,NA,NA
"175","RAMMASUN","2002-07-01",16.2,132.7,60.25904,975,22,NA,NA,NA,NA,NA,NA
"176","RAMMASUN","2002-07-02",20.2,128.8,69.97824,965,18,NA,NA,NA,NA,NA,NA
"177","RAMMASUN","2002-07-03",24.7,125.3,85,945,NA,NA,NA,NA,NA,NA,NA
"178","RAMMASUN","2002-07-04",25.6,124.8,85.52896,945,14,NA,NA,NA,NA,NA,NA
"179","RAMMASUN","2002-07-05",29.8,124.2,73.86592,955,215,NA,NA,NA,NA,NA,NA
"180","RAMMASUN","2002-07-06",34.5,125.2,48.596,980,2,NA,NA,NA,NA,NA,NA
"181","CHATAAN","2002-07-10",34.9,139.7,55,970,27,NA,NA,NA,NA,NA,NA
"182","CHATAAN","2002-07-11",43,144.5,45,980,0,NA,NA,NA,NA,NA,NA
"183","HALONG2002","2002-07-14",26.2,127.6,70,960,0,NA,NA,NA,NA,NA,NA
"184","HALONG2002","2002-07-16",34.6,138.7,60,975,13.5,NA,NA,NA,NA,NA,NA
"185","FENGSHEN","2002-07-25",30.3,130.9,55,970,0,NA,NA,NA,NA,NA,NA
"186","BERTHA2002","2002-08-05",29.4,-89.3,35,1008,NA,NA,NA,NA,NA,NA,NA
"187","BERTHA2002","2002-08-09",27.3,-97.4,20,1011,NA,NA,NA,NA,NA,NA,NA
"188","PHANFONE2002","2002-08-19",32.9,139.9,65,965,434.086,NA,NA,NA,NA,NA,NA
"189","RUSA","2002-08-23",16.5,161,34.98912,1000,13,NA,NA,NA,NA,NA,NA
"190","RUSA","2002-08-24",19.1,156,50.53984,985,6.5,NA,NA,NA,NA,NA,NA
"191","RUSA","2002-08-25",21.1,150.8,60.25904,975,NA,NA,NA,NA,NA,NA,NA
"192","RUSA","2002-08-26",22.6,145.6,77.7536,955,NA,NA,NA,NA,NA,NA,NA
"193","RUSA","2002-08-27",23.7,140.5,75.80976,955,NA,NA,NA,NA,NA,NA,NA
"194","RUSA","2002-08-28",25.1,136.5,75.80976,955,0,NA,NA,NA,NA,NA,NA
"195","RUSA","2002-08-29",28.4,129.6,75,950,9.5,NA,NA,NA,NA,NA,NA
"196","RUSA","2002-08-30",28.8,128.8,69.97824,950,65.5,NA,NA,NA,NA,NA,NA
"197","RUSA","2002-08-31",31.6,127.6,69.97824,955,126,NA,NA,NA,NA,NA,NA
"198","RUSA","2002-09-01",35.9,127.6,46.65216,980,0.5,NA,NA,NA,NA,NA,NA
"199","SINLAKU","2002-09-03",25.7,131.3,75,960,NA,NA,NA,NA,NA,NA,NA
"200","SINLAKU","2002-09-04",26.2,127.9,80,955,0,NA,NA,NA,NA,NA,NA
"201","EDOUARD2002","2002-09-05",29.4,-81.1,35,1009,194.056,NA,NA,NA,NA,NA,NA
"202","FAY2002","2002-09-07",28.5,-96.3,50,999,469.646,NA,NA,NA,NA,NA,NA
"203","GUSTAV2002","2002-09-12",45.6,-60.4,80,960,152.4,4.43,NA,NA,NA,NA,NA
"204","GUSTAV2002","2002-09-12",47.6,-58.6,65,963,NA,4.43,NA,NA,NA,NA,NA
"205","HANNA2002","2002-09-14",29.1,-89.1,50,1003,395.224,NA,NA,NA,NA,NA,NA
"206","HANNA2002","2002-09-14",30.4,-88.4,50,1002,NA,NA,NA,NA,NA,NA,NA
"207","ISIDORE","2002-09-20",22,-84.1,75,964,774.446,8.3,NA,NA,NA,NA,NA
"208","ISIDORE","2002-09-22",21.3,-89.3,110,936,469.9,8.3,NA,NA,NA,NA,NA
"209","ISIDORE","2002-09-26",29.1,-90.3,55,984,NA,8.3,NA,NA,NA,NA,NA
"210","LILI2002","2002-09-30",19.7,-79.8,65,986,NA,6,NA,NA,NA,NA,NA
"211","HIGOS","2002-10-01",35.3,139.6,70,960,26.5,NA,NA,NA,NA,NA,NA
"212","LILI2002","2002-10-01",21.3,-83,90,971,NA,6,NA,NA,NA,NA,NA
"213","LILI2002","2002-10-01",22.1,-84,90,971,NA,6,NA,NA,NA,NA,NA
"214","LILI2002","2002-10-03",29.5,-92.2,80,963,NA,6,NA,NA,NA,NA,NA
"215","KYLE2002","2002-10-11",33,-79.5,35,1011,NA,NA,NA,NA,NA,NA,NA
"216","KYLE2002","2002-10-11",33.9,-78.4,35,1011,NA,NA,NA,NA,NA,NA,NA
"217","UNNAMED2002","2002-10-16",22,-80.7,25,1006,NA,3.28,NA,NA,NA,NA,NA
"218","LINFA","2003-05-30",33.2,132.3,45,985,1,NA,148.6965321474,149.4645876309,149.4645876309,149.4645876309,149.4645876309
"219","SOUDELOR","2003-06-17",24.2,123.8,65,968,115.316,NA,104.5097163762,152.3541623772,152.3541623772,152.3541623772,152.3541623772
"220","SOUDELOR","2003-06-19",34.2,129.2,60,975,0,NA,74.0597297895,74.0597297895,74.5118131299,76.8618130479,113.1618076197
"221","BILL2003","2003-06-30",29.3,-91,50,997,259.08,3.1,NA,NA,NA,NA,NA
"222","CLAUDETTE2003","2003-07-11",20.8,-86.9,50,1009,168.148,3,86.9249925006,86.9249925006,86.9249925006,86.9249925006,86.9249925006
"223","CLAUDETTE2003","2003-07-15",28.3,-96.2,80,979,58.42,3,99.3534733161,108.7930562772,108.7930562772,108.7930562772,108.7930562772
"224","UNNAMED2003","2003-07-26",31.5,-81.3,25,1018,45.364586868,3.28,19.649308689,30.275697681,39.413545332,39.513545337,42.4767397761
"225","ETAU2003","2003-08-07",28.1,129.2,85,945,18,NA,256.9020960264,256.9020960264,257.7743183244,261.3569574894,261.3569574894
"226","ETAU2003","2003-08-08",33.2,134,75,950,13,NA,NA,NA,NA,NA,NA
"227","ETAU2003","2003-08-09",41.9,142.8,40,985,42.5,NA,114.091665246,114.1027763577,137.3333332977,137.3333332977,137.3333332977
"228","ERIKA2003","2003-08-16",25.3,-97.4,65,986,97.282,NA,234.5763866934,234.5763866934,234.5763866934,234.5763866934,234.9972199251
"229","GRACE","2003-08-31",29.4,-95.1,35,1007,263.144,2,454.200687546,788.0722306806,866.7055702632,900.7569596073,1063.6097401293
"230","MAEMI","2003-09-06",16,141.5,34.98912,996,NA,7.55,NA,NA,NA,NA,NA
"231","HENRI2003","2003-09-06",27.9,-82.8,30,1006,4.1638889904,NA,3.5958332295,3.5958332295,3.5958332295,3.5958332295,3.5958332295
"232","MAEMI","2003-09-07",18.9,136.9,40.82064,992,NA,7.55,72.2187518727,72.8465295585,89.7708355974,91.5312523755,92.2145857755
"233","MAEMI","2003-09-08",20.1,132.9,60.25904,975,0.5,7.55,1260.816048855,1260.816048855,1297.899383175,1307.3139663417,1307.3139663417
"234","MAEMI","2003-09-09",22.4,129.4,79.69744,950,12.5,7.55,1652.2235469,1744.274245455,1753.848550914,1753.848550914,1753.848550914
"235","MAEMI","2003-09-10",24.8,125.4,105,910,12,7.55,933.7756973334,1511.0166767664,1550.0250073695,1550.0250073695,1550.2159795968
"236","MAEMI","2003-09-11",25.3,125.1,104.96736,910,34.5,7.55,656.48818884,820.1611107942,820.1611107942,820.2138885726,820.2138885726
"237","MAEMI","2003-09-12",28.5,125.8,89.41664,935,231.5,7.55,2.95347276,16.8562503717,22.6840282497,22.6840282497,26.3923616487
"238","MAEMI","2003-09-13",35.8,128.7,69.97824,960,0.4,7.55,0,0,0,0,0
"239","MAEMI","2003-09-14",46,144,NA,984,NA,7.55,NA,NA,NA,NA,NA
"240","ISABEL2003","2003-09-18",34.9,-76.2,90,957,72.800003445,16.2,290.116667904,290.572223382,290.572223382,290.572223382,290.572223382
"241","CHOI-WAN","2003-09-19",28.1,129.2,60,975,0,NA,356.6826264,445.8541508937,445.8541508937,445.9249842294,446.0624842314
"242","JUAN2003","2003-09-29",44.4,-63.8,85,973,35.997222042,4.92,104.9951391561,111.7333334955,111.7333334955,114.5187500895,116.5319444529
"243","LARRY","2003-10-05",18.4,-93.5,50,996,629.158,NA,390.892350042,504.2451310473,533.7472116312,685.0069378392,703.8673559862
"244","ODETTE","2003-12-06",17.8,-71.5,50,995,221.742,NA,341.135402193,368.747898993,368.747898993,368.747898993,368.747898993
"245","CONSON2004","2004-06-11",33.3,134.1,35,994,23,NA,23.33541612,23.33541612,23.33541612,23.33541612,23.33541612
"246","DIANMU2004","2004-06-21",33.1,133.9,70,965,44,NA,6.1041663711,12.7354160163,18.7361111334,57.1756955994,57.5736122862
"247","NAMTHEUN2004","2004-07-31",33.1,133.2,65,980,2.5,NA,473.114618487,1478.265277716,1567.134029916,1603.887502761,1699.5708364311
"248","MALOU2004","2004-08-04",33.6,134.7,40,996,21,NA,274.0749807369,305.4166463292,321.6305354922,328.8305358492,328.8305358492
"249","BONNIE2004","2004-08-12",29.6,-85.1,40,1002,NA,1.9,205.0277841231,241.0708384842,241.2020884908,241.2270884922,247.6958380347
"250","CHARLEY2004","2004-08-13",22.7,-82.6,105,966,117.5472297957,13.12,234.7180668684,237.8368170384,241.6062614424,483.3007274544,484.1986442757
"251","CHARLEY2004","2004-08-13",26.6,-82.2,130,941,132.213887658,13.12,411.327075342,417.672214536,422.720130936,442.936800606,444.4868004978
"252","CHARLEY2004","2004-08-13",26.9,-82.1,125,942,NA,13.12,661.2638920191,687.3479210238,735.0791704608,828.0013997199,856.1375103777
"253","CHARLEY2004","2004-08-14",33,-79.4,70,992,95.1416537661,13.12,NA,NA,NA,NA,NA
"254","CHARLEY2004","2004-08-14",33.8,-78.7,65,997,216.9201626703,13.12,221.3458569993,339.9632192613,339.9632192613,339.9632192613,340.8944690514
"255","MEGI","2004-08-19",40.9,140.2,60,980,0,NA,44.8701369732,44.9034703062,44.9256925293,44.9256925293,55.1534704593
"256","GASTON","2004-08-29",33,-79.6,65,985,320.04,NA,NA,NA,NA,NA,NA
"257","CHABA2004","2004-08-30",31.5,130.2,80,950,9,5.15,85.486814496,85.486814496,137.4631958871,137.9437514766,137.9437514766
"258","HERMINE2004","2004-08-31",41.5,-70.9,35,1012,22.179167673,3.4,58.5097228731,58.5097228731,58.5097228731,58.5097228731,58.5097228731
"259","CHABA2004","2004-08-31",41.4,140.5,60,975,1.5,5.15,14.6465302695,14.6465302695,14.6465302695,14.6465302695,14.6465302695
"260","FRANCES2004","2004-09-02",24,-74.5,110,948,551.6138646,NA,NA,NA,NA,NA,NA
"261","FRANCES2004","2004-09-03",24.6,-75.6,100,954,NA,NA,290.3548665081,426.4687601832,426.4687601832,426.4770935166,426.4770935166
"262","FRANCES2004","2004-09-03",25.1,-76.1,95,956,NA,NA,524.4159887121,906.5229445908,920.3451666738,920.4618333348,923.311833303
"263","FRANCES2004","2004-09-04",26.6,-78.2,90,961,187.6472121,NA,568.7854077801,1023.4152396801,1029.4131566421,1029.8923231176,1029.8923231176
"264","SONGDA","2004-09-05",26.4,128.1,95,925,3.5,NA,932.947215,1420.6770752631,1420.8604086021,1422.7992972813,1425.8791586811
"265","FRANCES2004","2004-09-05",27.2,-80.2,90,960,333.366661809,NA,221.522217741,221.822217753,225.988884195,225.988884195,225.988884195
"266","FRANCES2004","2004-09-06",30.1,-84,50,982,66.0833345571,NA,NA,NA,NA,NA,NA
"267","SONGDA","2004-09-07",32.7,129.6,75,945,0,NA,98.5784634,98.5784634,130.2874923537,130.7874923448,130.793742345
"268","JEANNE","2004-09-14",16.2,-61.3,30,1009,304.038,6,818.3180019,818.3346685671,831.3346701351,833.4520308351,833.4520308351
"269","JEANNE","2004-09-15",18,-66,60,991,488.188,6,NA,NA,NA,NA,NA
"270","IVAN","2004-09-16",30.2,-87.9,105,946,431.8,10,153.12153,153.12153,153.12153,153.12153,153.12153
"271","JEANNE","2004-09-16",18.6,-68.3,70,985,319.766666961,6,954.8083596,2328.2805855,2690.686140342,2690.78614035,2690.78614035
"272","IVAN","2004-09-24",29.8,-93.6,30,1004,20.4895814232,10,45.7131924912,47.7791646339,47.7791646339,47.7791646339,47.7791646339
"273","JEANNE","2004-09-25",26.7,-77.3,100,956,348.5854074,6,323.3986044,417.685407861,526.4444339547,533.4867958113,533.4867958113
"274","JEANNE","2004-09-26",27.2,-80.2,105,950,294.0555269898,6,177.1666403898,177.2110848348,178.1666401806,255.8332958556,255.8332958556
"275","MEARI","2004-09-28",31.5,130.2,60,970,3,NA,145.2937563,148.7861179824,148.7861179824,148.7861179824,148.7861179824
"276","MEARI","2004-09-29",32.9,132.7,55,980,96,NA,227.1326369082,227.1326369082,227.2076369136,227.2076369136,227.215970247
"277","MA-ON2004","2004-10-09",34.8,138.8,80,950,10.5,NA,203.166672438,211.6000053348,213.1444494345,288.3333402012,288.8000068839
"278","MATTHEW2004","2004-10-10",29.2,-91,35,999,412.242,5.85,NA,NA,NA,NA,NA
"279","TOKAGE","2004-10-20",32.8,132.9,75,955,155,NA,262.85695587,263.101400325,263.143066992,263.143066992,263.143066992
"280","ARLENE2005","2005-06-10",21.8,-84.5,45,1000,43.0388909517,5,29.9333338767,29.9333338767,77.5347274998,79.9472272167,79.9472272167
"281","ARLENE2005","2005-06-11",30.3,-87.5,50,991,93.1500128961,5,93.4604295501,95.6458462599,95.6458462599,96.3833461863,104.5916835573
"282","BRET2005","2005-06-29",20.8,-97.3,35,1005,158.6909628291,NA,158.6909628291,159.6513794994,161.0909629998,166.6194362343,173.3187422073
"283","CINDY2005","2005-07-04",19,-87.6,30,1007,37.061111286,NA,NA,NA,NA,NA,NA
"284","DENNIS2005","2005-07-04",12.1,-61.6,30,1010,NA,NA,674.1895137909,918.6915900123,929.5749243933,929.586035505,983.6408983386
"285","CINDY2005","2005-07-06",29.2,-90.1,65,991,149.5083123,NA,280.0999498353,291.1117539219,291.3117539319,291.415920609,291.5138372775
"286","CINDY2005","2005-07-06",30.2,-89.5,45,995,318.941688984,NA,232.856958984,234.3715422609,234.6993200577,236.7965420991,280.7250110628
"287","DENNIS2005","2005-07-08",19.9,-77.6,120,956,NA,NA,838.3819488,841.8166697133,910.0305632703,927.6076467954,928.4861190636
"288","DENNIS2005","2005-07-08",22.1,-80.7,120,941,187.8194570631,NA,337.2208495452,978.9847441452,1046.9291853786,1058.1743239851,1061.5534909365
"289","DENNIS2005","2005-07-10",30.4,-87.1,105,946,NA,NA,481.8638980428,483.7284813003,483.8659813077,484.0326479778,658.8930760548
"290","EMILY2005","2005-07-14",12,-61.8,75,989,313.7083380198,15,NA,NA,NA,NA,NA
"291","EMILY2005","2005-07-18",20.3,-87.4,115,955,74.1250006914,15,259.1930529474,271.8548571549,272.6687461179,276.4756903026,523.6333209096
"292","EMILY2005","2005-07-20",24.8,-97.6,110,944,139.7729191002,15,510.7111053,511.6256888262,511.8173555052,511.8173555052,615.3874990692
"293","GERT2005","2005-07-25",21.8,-97.6,40,1005,85.583329968,3,42.5791603671,44.0298546771,50.2694382561,117.5701303671,117.5701303671
"294","BANYAN","2005-07-26",35.1,140.2,45,978,11,NA,13.3944449865,13.3944449865,13.3944449865,13.3944449865,14.1506949597
"295","MATSA","2005-08-04",24.3,124.3,80,955,NA,NA,631.468731,958.5333095601,958.5333095601,958.5333095601,958.5333095601
"296","JOSE2005","2005-08-23",19.7,-96.4,50,998,155.5972335,NA,400.5132311259,440.7125361816,463.9236475866,463.93198092,463.93198092
"297","MAWAR","2005-08-25",35.1,139.5,65,975,0,NA,373.595858736,373.729192074,373.729192074,373.7819698521,373.7819698521
"298","KATRINA2005","2005-08-25",26,-80.1,70,984,216.6889027914,4,NA,NA,NA,NA,NA
"299","KATRINA2005","2005-08-29",29.3,-89.6,110,920,172.766667537,4,404.0132011611,415.1298687132,419.7895909017,420.9895906473,421.3166739741
"300","KATRINA2005","2005-08-29",30.2,-89.6,105,928,252.6208104003,4,760.6930470003,760.6930470003,764.9208247155,793.9104062337,793.9104062337
"301","NABI","2005-09-06",32.5,130.2,70,960,364.49,NA,153.6993042231,153.6993042231,153.6993042231,160.8854159271,318.6805502355
"302","OPHELIA2005","2005-09-06",26.6,-78.3,25,1010,444.5,NA,261.767361015,262.498611018,281.000693571,282.915276969,289.640277255
"303","NABI","2005-09-07",44.5,141.5,50,985,6.5,NA,341.999982,341.999982,342.08887089,342.08887089,342.08887089
"304","RITA","2005-09-24",29.7,-93.7,100,937,406.4,1.2,292.8951561,292.8951561,293.101406103,294.645156303,296.800017303
"305","STAN","2005-10-02",19.6,-87.5,35,1003,34.8958342944,NA,109.2618068685,245.4388932576,272.9888925216,691.8444439146,701.6263888326
"306","STAN","2005-10-04",18.6,-94.9,70,977,NA,NA,576.971525166,681.7638863109,823.9722152412,1097.1770788506,1111.6631900373
"307","TAMMY","2005-10-05",30.4,-81.4,45,1002,367.792,NA,478.2833304981,492.2013849951,631.3791649638,631.4166649659,632.0798595327
"308","VINCE","2005-10-11",37.2,-7.1,30,1002,5.504165511,NA,25.237497468,44.220829971,44.220829971,44.220829971,44.220829971
"309","WILMA","2005-10-21",20.6,-86.8,130,927,336.804,12,898.4548305,1358.406214668,1790.8346938305,1790.8346938305,1790.8346938305
"310","WILMA","2005-10-22",20.8,-86.9,115,933,234.410418,12,472.976384568,898.0937371521,898.0937371521,898.0937371521,898.0937371521
"311","ALPHA","2005-10-23",18.3,-71.3,45,1000,297.6382168167,NA,297.6382168167,304.6736335287,308.3368281219,308.4229392333,308.4229392333
"312","WILMA","2005-10-24",25.9,-81.7,105,950,95.535397839,12,346.485373908,346.485373908,346.485373908,346.485373908,346.485373908
"313","BETA","2005-10-30",12.9,-83.5,90,970,184.502784948,NA,533.8486092195,533.9361092202,543.044442807,627.2576387217,773.0694440664
"314","ALBERTO2006","2006-06-13",29.9,-83.7,40,998,22.2770818257,NA,225.343054275,235.0124995431,235.0749995445,235.0999995459,235.0999995459
"315","BERYL2006","2006-07-21",41.3,-70.1,45,1000,18.489583065,NA,59.299305711,79.6125023454,173.5395911454,195.1319528454,195.1319528454
"316","MARIA2006","2006-08-08",34.2,139.1,50,992,0,NA,1066.99236387,1108.379868975,1108.379868975,1110.0590357241,1232.0576363751
"317","WUKONG","2006-08-17",31.8,131.5,45,980,0,NA,359.7333350544,361.4250018594,448.5756939594,451.3479160344,451.3479160344
"318","ERNESTO2006","2006-08-28",19.9,-75.5,35,1005,371.094,1,441.1361267754,584.8027831044,587.7791716974,608.5423663974,656.4694505055
"319","ERNESTO2006","2006-08-30",24.9,-80.6,40,1003,NA,1,191.0583316284,212.0152760121,229.6208296581,305.0437495503,447.6152727891
"320","ERNESTO2006","2006-08-30",25.2,-80.7,40,1003,279.0930666804,1,127.5909692514,129.3215247645,143.9777689575,151.9374910275,226.5763797585
"321","ERNESTO2006","2006-09-01",33.9,-78.1,60,985,NA,1,149.5013872191,149.710414986,149.821526109,152.2937480811,193.3069413981
"322","SHANSHAN","2006-09-15",24.3,123.9,110,919,NA,NA,485.9861024784,595.5208248534,606.6534622452,606.6534622452,606.9312400272
"323","SHANSHAN","2006-09-17",32.9,129.8,80,950,0,NA,143.125681437,143.125681437,143.125681437,143.15901477,143.9999870166
"324","BARRY2007","2007-06-02",27.5,-82.7,30,1000,134.7749934978,4,133.9333270638,134.7749934978,134.7749934978,134.7749934978,138.2256879033
"325","MAN-YI2007","2007-07-14",31.2,130.5,75,945,45.5,NA,145.0472340258,145.1159840268,199.0764102648,200.5319659698,203.0111327838
"326","USAGI","2007-08-02",32.3,131.7,80,960,0,NA,133.320140544,145.3972241751,145.3972241751,145.9430575365,177.0493040985
"327","USAGI","2007-08-04",41.1,140.4,35,998,NA,NA,3.5097221481,6.0222224361,66.7972217346,176.3111140233,254.7507015897
"328","ERIN2007","2007-08-16",28,-96.9,30,1006,186.491669337,3.1,NA,NA,NA,NA,NA
"329","DEAN2007","2007-08-21",18.7,-87.7,150,905,433.8714892491,18,422.0777394924,422.1194061588,422.1194061588,422.1194061588,422.1194061588
"330","DEAN2007","2007-08-22",20.5,-97,85,974,382.740372915,18,NA,NA,NA,NA,NA
"331","FELIX","2007-09-01",12.1,-61.7,45,1001,196.6625136,18,429.1923820551,499.7534905365,499.8347405385,499.8347405385,500.3375183205
"332","FELIX","2007-09-04",14.3,-83.2,140,934,327.2528082957,18,327.2528082957,380.9687821722,380.9687821722,436.9757230152,438.4979449872
"333","FITOW","2007-09-06",34.4,138.8,65,970,0,NA,376.988874426,377.199985554,377.699985558,424.2666510894,588.7527686562
"334","FITOW","2007-09-07",41.6,140.7,45,992,0,NA,108.3548633244,115.3152801294,125.4701413695,136.423612689,141.3625014732
"335","GABRIELLE2007","2007-09-09",34.8,-76.4,50,1005,100.188904155,NA,272.5500227184,281.4111341424,281.4111341424,307.7055820785,312.0750267477
"336","HUMBERTO","2007-09-13",29.6,-94.3,80,985,358.902,NA,355.4381823198,356.7541547295,358.9270715625,358.9270715625,358.9270715625
"337","NARI2007","2007-09-13",23.2,132,44.70832,992,0.1,NA,NA,NA,NA,NA,NA
"338","NARI2007","2007-09-14",25.7,127.2,89.41664,945,83,NA,453.73342074,453.766754073,481.955641599,563.505642699,568.3861980474
"339","NARI2007","2007-09-15",26.7,126.5,93.30432,940,87,NA,7.9194444,42.007637223,102.436105662,107.7583284585,107.9791617942
"340","NARI2007","2007-09-16",30.4,126.2,83.58512,950,420,NA,1.1423609919,10.3027769919,49.3652767056,53.7909714306,54.8340271542
"341","WIPHA","2007-09-17",24.2,123.9,100,925,0,NA,400.3264042014,1004.5792229154,1019.2799196084,1025.8104755364,1039.9618655346
"342","TEN","2007-09-22",30.4,-86.7,25,1006,20.237500038,NA,76.4506875282,96.7326335376,96.8659668846,97.1187446733,97.4631891138
"343","LORENZO","2007-09-28",20.5,-97,65,993,516.718722279,NA,NA,NA,NA,NA,NA
"344","NOEL","2007-10-29",18.1,-72.5,45,1002,437.642,NA,84.7659660177,813.5083065177,872.0388646347,927.1194249237,1252.1465066517
"345","NOEL","2007-10-30",21.1,-75.8,50,997,127.762,NA,177.2902725465,450.3208472025,468.2770968129,479.7243180969,484.7201518404
"346","NOEL","2007-11-01",24.1,-77.9,50,993,NA,NA,179.0145801705,179.1729135075,182.0479132833,182.0479132833,182.0479132833
"347","NOEL","2007-11-01",25,-77.4,55,992,89.6888979081,NA,NA,NA,NA,NA,NA
"348","OLGA","2007-12-11",18.4,-66.5,40,1005,282.702,NA,206.424996906,239.299993953,239.49999396,245.3638836699,256.147218738
"349","OLGA","2007-12-11",18.5,-68.4,50,1003,179.832,NA,111.7138845939,154.4680486239,154.862493105,160.3166603421,162.9472161069
"350","ARTHUR2008","2008-05-31",17.9,-88.2,40,1004,62.6750052,NA,194.211112389,476.813893389,1570.516702704,1634.0222610321,1689.2833723182
"351","DOLLY2008","2008-07-21",20.8,-87,45,1007,66.1909719645,4,NA,NA,NA,NA,NA
"352","DOLLY2008","2008-07-23",26.4,-97.2,75,967,113.368741506,4,330.2458396143,352.8791757183,352.8791757183,352.8791757183,352.9458423843
"353","DOLLY2008","2008-07-23",26.4,-97.4,70,967,NA,4,486.9520932033,555.2958484944,555.2958484944,555.2958484944,555.3708484938
"354","EDOUARD2008","2008-08-05",29.6,-94.2,55,996,80.133324669,NA,249.954837279,257.4951117606,257.4951117606,341.5760292006,403.9142199108
"355","FAY2008","2008-08-15",18.5,-68.4,35,1009,216.974972655,NA,622.473593469,644.188871169,644.2666489485,645.0367877847,645.0367877847
"356","FAY2008","2008-08-16",18.8,-72.8,40,1007,184.926370176,NA,184.926370176,186.749286774,187.661786883,228.049288185,252.388872438
"357","FAY2008","2008-08-17",19.9,-77.4,45,1004,NA,NA,411.3027789021,417.2194455654,419.8034732208,427.1819456718,439.9708350906
"358","FAY2008","2008-08-18",22.1,-80.8,45,1003,22.7416694931,NA,86.4340319652,130.748618301,130.8965349738,131.0882016438,161.1034801446
"359","FAY2008","2008-08-18",24.5,-81.8,50,998,210.636129276,NA,198.293764623,221.4451562034,221.5229339841,221.5229339841,221.5729339869
"360","FAY2008","2008-08-19",25.9,-81.6,55,991,NA,NA,836.931281691,839.0354483553,882.8048956983,920.7410043795,1009.5854517027
"361","FAY2008","2008-08-21",29.3,-81.1,55,993,26.429167479,NA,150.914585772,325.899315087,421.95833604,471.799305087,570.638894874
"362","FAY2008","2008-08-23",29.8,-84.7,45,997,129.13958724,NA,77.128473309,77.6847233382,79.3770844533,80.4708345933,82.1291679846
"363","GUSTAV2008","2008-08-26",18.1,-72.8,70,992,327.5916762267,4.43,425.6374842747,1542.2520837747,1630.5618013137,1650.368049612,1650.377424612
"364","GUSTAV2008","2008-08-28",18,-76.2,60,984,470.523626157,4.43,NA,NA,NA,NA,NA
"365","GUSTAV2008","2008-08-29",17.9,-77.2,60,987,156.739587894,4.43,550.1097471,584.545856205,584.545856205,584.6097450951,606.2958570711
"366","GUSTAV2008","2008-08-30",21.6,-82.5,125,943,131.466669408,4.43,356.388893211,356.6784765564,369.6013919079,379.4458366815,379.4458366815
"367","GUSTAV2008","2008-08-30",22.4,-83.1,135,941,NA,4.43,410.7465322659,447.6659817228,450.718064649,458.8729254573,459.0145921263
"368","GUSTAV2008","2008-09-01",29.2,-90.7,90,954,254.5874835,4.43,263.320123605,269.5479011328,269.5479011328,269.8659566748,270.4152622326
"369","HANNA2008","2008-09-02",21.8,-72.3,75,977,145.288,NA,262.2305445,352.4138702487,353.7360922476,353.7360922476,355.5388700496
"370","HANNA2008","2008-09-03",21.7,-71.8,50,994,268.1930287002,NA,299.9826117,299.9888617002,299.9888617002,308.7353926296,596.7055516296
"371","HANNA2008","2008-09-06",33.8,-78.7,60,981,204.37778292,NA,199.062505338,202.439589042,202.439589042,210.6500058108,231.2958459408
"372","IKE","2008-09-07",21,-73.2,110,947,447.04,1.15,NA,NA,NA,NA,NA
"373","IKE","2008-09-08",21.1,-75.7,115,945,110.083329,1.15,288.1562313,288.1562313,309.9791440881,310.0013663112,310.0013663112
"374","IKE","2008-09-09",22.6,-82.9,70,965,NA,1.15,158.817696174,765.772563474,784.670479746,785.0163131007,785.9427018441
"375","IKE","2008-09-13",29.3,-94.7,95,950,224.3763827463,1.15,201.340966572,285.4729114554,285.5312447928,285.5854114611,285.5854114611
"376","KYLE2008","2008-09-29",43.8,-66.2,65,985,51.4305586104,NA,8.4472223364,8.4722223378,8.5777778979,24.8111097,27.094443168
"377","MARCO","2008-10-07",19.9,-96.5,55,998,173.766652173,2.5,446.056907823,466.1069055582,466.1819055642,499.6825984479,499.7742651243
"378","SIXTEEN","2008-10-15",15.8,-84.5,25,1005,86.2687593117,NA,85.9798704027,86.3770926471,86.6270926791,122.8416769392,218.0194488609
"379","PALOMA","2008-11-09",20.7,-78,85,970,302.92636776,8,NA,NA,NA,NA,NA
"380","CLAUDETTE2009","2009-08-17",30.4,-86.5,40,1005,12.189583251,3,93.4798636611,148.0805565021,149.0027785791,165.8208360741,236.7250008033
"381","BILL2009","2009-08-24",46.9,-56,60,976,87.63,3.1,NA,NA,NA,NA,NA
"382","ERIKA2009","2009-09-02",16.3,-61.3,35,1008,141.6395863737,NA,3.4041668007,493.5361633737,581.2215804687,583.5132474927,583.5132474927
"383","MELOR","2009-10-07",34.2,136.9,75,955,48.5,NA,613.168085844,613.168085844,613.2903080721,613.2903080721,613.2903080721
"384","IDA","2009-11-05",12.9,-83.6,70,985,457.2,6.53,1075.003500564,1075.103500569,1161.213920118,1162.3097533536,1163.1555866916
"385","ALEX2010","2010-06-27",17.5,-88.2,55,995,890.016,NA,212.700025125,215.45558019,215.45558019,215.45558019,215.45558019
"386","ALEX2010","2010-07-01",24.2,-97.7,95,946,365.252,NA,258.7194309,258.7194309,258.7256809002,258.7256809002,258.7256809002
"387","TWO","2010-07-08",26.1,-97.1,30,1006,NA,NA,130.8201280992,144.3972114234,144.3972114234,144.3972114234,144.3972114234
"388","BONNIE2010","2010-07-22",23,-75.7,35,1006,65.845144104,1.9,NA,NA,NA,NA,NA
"389","BONNIE2010","2010-07-23",23.7,-77.5,40,1005,12.473610402,1.9,10.424999574,10.5916662474,57.8201443464,57.8201443464,57.8201443464
"390","BONNIE2010","2010-07-23",25.4,-80.2,35,1007,14.974999101,1.9,68.119442292,68.449997853,74.6444423358,74.6444423358,74.6444423358
"391","DIANMU2010","2010-08-08",23.6,125.1,40.82064,994,NA,NA,298.753468749,854.3438205738,952.9389568782,952.9389568782,952.9389568782
"392","DIANMU2010","2010-08-09",27.1,125.6,52.48368,985,1.5,NA,332.719436838,344.1124930587,344.1124930587,344.1374930601,344.1374930601
"393","DIANMU2010","2010-08-10",31.1,125.1,60.25904,980,59,NA,304.23334965,304.23334965,304.23334965,304.23334965,304.23334965
"394","DIANMU2010","2010-08-11",33.7,126.3,52.48368,985,17.5,NA,0.749999913,1.5645831,46.6097241954,46.6868075274,50.4541686504
"395","DIANMU2010","2010-08-12",39.5,140.1,40,994,21.5,NA,177.922251504,196.4743347498,230.790306024,233.3472504408,233.3472504408
"396","KOMPASU2010","2010-08-29",21.2,134.4,34.98912,1000,17,NA,481.0867908804,584.3694386244,615.4242975285,623.9076319977,991.7729211057
"397","KOMPASU2010","2010-08-30",23.8,131.2,60.25904,980,5.5,NA,591.03614268,709.4778113112,709.4778113112,709.4861446446,1154.5806148524
"398","KOMPASU2010","2010-08-31",26.6,128.1,80,960,NA,NA,365.4076590237,366.3243257295,366.3243257295,378.39863046,463.9340417088
"399","KOMPASU2010","2010-09-01",30.4,125.2,77.7536,960,57.5,NA,185.4687482688,185.4687482688,185.4687482688,311.0569600047,447.688907604
"400","KOMPASU2010","2010-09-02",35.3,125,73.86592,970,54,NA,NA,NA,NA,NA,NA
"401","KOMPASU2010","2010-09-03",41.2,134.5,NA,1008,NA,NA,0,0,0,133.2173595,133.2173595
"402","EARL2010","2010-09-04",44.3,-64.5,65,962,131.318,NA,45.1861014,45.1861014,45.1861014,45.7180458771,46.2097125465
"403","EARL2010","2010-09-04",46,-62.7,60,967,76.708,NA,NA,NA,NA,NA,NA
"404","MALOU2010","2010-09-07",34.4,129.2,45,996,0,NA,38.8715314752,40.3479203004,40.3479203004,42.0062538792,55.3118095965
"405","HERMINE2010","2010-09-07",25.3,-97.4,60,989,79.038885,3.4,151.266675552,153.858342147,153.858342147,153.858342147,153.858342147
"406","MALOU2010","2010-09-08",35.6,136,35,1004,1.5,NA,NA,NA,NA,NA,NA
"407","KARL","2010-09-15",18.5,-87.8,55,991,452.882,NA,541.295167416,549.3528063252,549.6035007693,549.7951674423,549.7951674423
"408","KARL","2010-09-17",19.3,-96.2,100,976,278.666677878,NA,279.255565653,366.063891594,372.44444748,373.161114183,373.161114183
"409","IGOR","2010-09-21",46.6,-53.2,75,950,236.22,3.5,115.5416472189,115.5416472189,115.7270638929,115.7270638929,128.6166477936
"410","MATTHEW2010","2010-09-24",14.7,-83.3,50,998,406.5381846687,5.85,405.45971265,467.6534666901,603.1486178901,603.2263956702,603.2263956702
"411","MATTHEW2010","2010-09-25",16.5,-88.4,35,1000,80.397222636,5.85,230.3805552201,275.8180529685,336.1625028744,457.4013821502,466.3118004705
"412","PAULA","2010-10-11",15,-83.2,45,1004,543.043667373,NA,NA,NA,NA,NA,NA
"413","PAULA","2010-10-14",22.7,-83.9,55,1000,148.395854937,NA,434.0569875747,434.0819875761,434.0819875761,434.1903209151,434.1903209151
"414","RICHARD","2010-10-25",17.2,-88.3,85,977,310.9361098215,NA,119.0388845655,119.0388845655,119.0388845655,119.0555512326,150.9194385567
"415","TOMAS","2010-10-30",13,-59.5,60,997,568.681941,NA,NA,NA,NA,NA,NA
"416","TOMAS","2010-10-30",13.4,-61.2,85,987,183.0666699,NA,479.8069509,635.794456041,635.794456041,642.3291782358,683.5312676703
"417","TOMAS","2010-11-06",21.7,-71.6,60,992,89.1944448,NA,262.9743048828,263.3298604482,286.9729166082,291.0833328741,291.0833328741
"418","ARLENE2011","2011-06-30",21.6,-97.4,55,993,NA,5,144.1444359984,222.180549456,268.7374928457,353.2520808498,354.6437474028
"419","MA-ON2011","2011-07-19",33.6,134.3,75,960,20.5,NA,193.180545843,193.278462513,193.572212541,195.5673517944,195.5673517944
"420","MA-ON2011","2011-07-20",33.5,135.6,55,980,0,NA,3.0652780164,4.9215281178,5.2430558355,5.640972534,6.6395836335
"421","DON","2011-07-30",27.3,-97.4,30,1007,0.8333334447,1.89,0.1361111166,0.1361111166,0.1361111166,0.1361111166,0.1361111166
"422","MUIFA","2011-08-05",26.3,126.8,80,950,31.5,NA,326.4173628,696.6395668014,696.6395668014,699.5840114892,699.5840114892
"423","HARVEY2011","2011-08-20",17,-88.3,55,995,185.7222075,NA,NA,NA,NA,NA,NA
"424","IRENE2011","2011-08-21",17.8,-64.6,60,993,139.638885162,7.09,189.583327008,479.037509955,495.759734955,497.7430677249,499.2798729738
"425","HARVEY2011","2011-08-22",18.7,-95.2,35,1005,183.479176617,NA,18.657637809,119.2743061596,119.2743061596,119.5263895224,119.5263895224
"426","IRENE2011","2011-08-22",18.1,-65.8,60,990,159.516668256,7.09,450.145844739,786.343776843,1067.996556192,1071.4555839366,1074.3715564143
"427","IRENE2011","2011-08-24",22.4,-74,100,955,286.9583238,7.09,NA,NA,NA,NA,NA
"428","IRENE2011","2011-08-25",23.5,-75.1,95,952,210.6416685,7.09,404.1645984,404.1645984,421.7673762,423.9555705564,423.9916816695
"429","IRENE2011","2011-08-25",24.7,-76.2,90,950,363.133319157,7.09,299.152772157,299.452772163,306.602772663,308.186105913,347.927767944
"430","IRENE2011","2011-08-25",26.5,-77.2,90,950,305.843738445,7.09,296.8083245661,325.3534625112,325.3645736229,440.5694456829,443.1763895385
"431","IRENE2011","2011-08-27",34.7,-76.6,75,952,168.1166559,7.09,488.1666573,494.4749915394,495.3694357989,560.3805543213,560.5361098824
"432","IRENE2011","2011-08-28",39.4,-74.4,60,959,NA,7.09,209.4340289676,209.4340289676,209.4340289676,209.4340289676,210.3840289413
"433","IRENE2011","2011-08-28",40.6,-74,55,965,149.7666804,7.09,NA,NA,NA,NA,NA
"434","TALAS","2011-09-03",33.6,133.9,50,984,51,NA,223.8819442584,223.8819442584,224.3312497992,224.7527775942,224.7527775942
"435","LEE","2011-09-04",29.6,-92.1,40,986,532.384,NA,39.7576367241,42.8805534273,42.8805534273,42.8805534273,42.8805534273
"436","NATE2011","2011-09-11",20.5,-97,40,1006,3.0354167775,NA,NA,NA,NA,NA,NA
"437","MARIA2011","2011-09-16",47,-53.5,60,983,33.4819314153,NA,NA,NA,NA,NA,NA
"438","ROKE","2011-09-21",34.7,137.6,80,950,44,NA,264.311106534,265.3444399551,265.6527733146,265.661106648,290.2861095063
"439","RINA","2011-10-28",20.5,-87.2,50,996,93.8597238951,NA,52.871523,52.871523,52.9298563374,69.1763815584,72.9131871924
"440","BERYL2012","2012-05-28",30.2,-81.4,55,994,43.708334685,NA,23.5180547958,153.9319558149,158.9493166065,219.7743172455,236.8000134519
"441","GUCHOL","2012-06-19",33.4,135.5,70,960,20,NA,163.6041721539,300.8180650359,413.0222318553,413.6555651553,514.2347312367
"442","DEBBY2012","2012-06-26",29.3,-83.2,35,995,2.9493052407,4.49,3.4326389748,4.4645833482,4.4770833489,4.4770833489,4.4770833489
"443","DAMREY","2012-08-01",30.4,130.5,55,975,0,13.12,333.1152927282,343.2757083696,343.4284861437,354.082653447,355.6298756991
"444","ERNESTO2012","2012-08-08",18.7,-87.2,80,977,651.656307,1,509.7056049,510.075049245,510.075049245,510.2194936947,512.0083826877
"445","ERNESTO2012","2012-08-08",18.8,-87.7,85,973,794.730525,1,707.1381627,707.1381627,707.1492738117,707.1492738117,708.4326070521
"446","ERNESTO2012","2012-08-09",18.3,-94.6,55,989,89.519446452,1,277.1895978,295.3208460357,332.2243197651,427.1583616452,490.6930771266
"447","HELENE2012","2012-08-18",21.9,-97.7,30,1008,87.8229075,1,149.0145701487,169.5298504425,278.0937390222,280.8847113444,282.3659615922
"448","GORDON2012","2012-08-20",37,-25.1,65,984,108.55557,NA,NA,NA,NA,NA,NA
"449","ISAAC","2012-08-25",18.3,-72.7,55,991,678.434,9.19,545.668086789,635.3375241408,645.9389121408,646.6555787442,648.5007178344
"450","ISAAC","2012-08-25",20.1,-74.5,50,997,91.2166570014,9.19,89.1222193944,269.8472089284,272.7222087621,275.1416533188,275.6083201188
"451","BOLAVEN","2012-08-26",26.6,128,85,930,NA,NA,NA,NA,NA,NA,NA
"452","TEMBIN","2012-08-26",21,116.8,69.97824,970,0.7,NA,NA,NA,NA,NA,NA
"453","ISAAC","2012-08-29",28.9,-89.4,70,967,NA,9.19,893.4250023,1138.5569504832,1140.2854228053,1140.3270894723,1140.679867257
"454","ISAAC","2012-08-29",29.2,-90.2,70,966,143.9125012917,9.19,167.379865545,244.7757028467,244.7757028467,244.8090361809,244.8090361809
"455","SANBA","2012-09-11",11.4,133.4,36.93296,996,0,NA,1571.0445666,1742.473035276,2018.009845791,2234.852207091,2236.126512618
"456","SANBA","2012-09-12",13.6,130.6,60.25904,980,NA,NA,1960.625157,2076.4168120368,2107.1723661228,2107.1723661228,2107.1723661228
"457","SANBA","2012-09-13",16.3,129.6,97.192,930,2.5,NA,1116.77502,1370.516714421,1684.010475543,1708.1764503057,1776.2257492185
"458","SANBA","2012-09-14",19.1,129.8,108.85504,910,1.7,NA,575.998612584,612.4833367755,1027.9902980595,1037.5562694189,1043.6201580729
"459","SANBA","2012-09-15",26.6,128.2,90,935,36.5,NA,469.2604368,693.909070305,693.909070305,693.9174036384,695.2674034056
"460","SANBA","2012-09-16",25.6,128.2,93.30432,935,193.2,NA,31.3097227884,33.8173615344,35.7152781513,35.7152781513,53.3368093836
"461","SANBA","2012-09-17",31.4,127.8,91.36048,940,206,NA,8.079860496,8.2576382787,8.2576382787,8.2576382787,17.5131939462
"462","SANBA","2012-09-18",40.5,130.6,40.82064,994,NA,NA,11.355556446,11.355556446,11.355556446,11.355556446,11.355556446
"463","JELAWAT","2012-09-30",33.5,135.7,70,965,66,NA,113.7118155,114.4430655,114.856954395,114.856954395,114.856954395
"464","SANDY","2012-10-24",17.9,-76.6,75,971,325.882,11.48,1143.412467,1206.0506648154,1213.0235818155,1213.3041373905,1213.3041373905
"465","SANDY","2012-10-25",20,-76,100,954,430.6528246074,11.48,NA,NA,NA,NA,NA
"466","SANDY","2012-10-29",39.4,-74.4,70,945,NA,11.48,597.259691052,649.6214985954,657.5784432414,657.5846932416,657.5846932416
"467","ANDREA","2013-06-06",29.5,-83.4,50,992,362.458,NA,226.0756993314,226.3319493462,226.5611160219,226.7222271408,230.6090326065
"468","BARRY2013","2013-06-17",16.5,-88.4,30,1006,159.2472204,4,406.4048695284,457.9722327108,461.0930660508,468.804871278,469.8632048388
"469","BARRY2013","2013-06-20",19.6,-96.4,40,1003,NA,4,953.427107319,2600.211069564,2606.6256523806,2633.2062044409,2638.6006486836
"470","FERNAND2013","2013-08-26",19.5,-96.3,50,1001,303.201386745,NA,188.868748155,212.5097217561,215.5458326514,233.4958336668,239.0458341762
"471","TORAJI","2013-09-03",31.4,130.5,50,985,11.5,NA,428.194435389,432.968046351,436.388879802,437.1708244308,437.3583244308
"472","EIGHT","2013-09-06",22.3,-97.9,30,1008,99.527776032,NA,264.759016158,346.7916598938,349.5833265765,350.070826479,369.5513821575
"473","MAN-YI2013","2013-09-15",34.5,137.3,60,965,102.5,NA,166.9562592084,176.8062619464,176.8062619464,176.8062619464,177.4062619464
"474","INGRID","2013-09-16",23.7,-97.7,55,991,314.6340285441,8.2,312.1090285371,353.6333330562,353.858333073,354.0833330931,354.3208331001
"475","DANAS2013","2013-10-08",34.5,129.5,55,980,0,NA,285.3965079321,291.1451192382,302.3937303687,302.3937303687,302.3937303687
"476","ARTHUR2014","2014-07-04",34.7,-76.6,85,973,113.891694675,NA,141.405559821,141.805559829,141.883337604,143.1138934374,143.1305601045
"477","ARTHUR2014","2014-07-04",35.8,-75.5,85,973,92.4472305741,NA,92.3659805757,92.4326472447,92.4326472447,92.4326472447,92.4326472447
"478","NEOGURI","2014-07-09",32.1,130,50,980,0,NA,NA,NA,NA,NA,NA
"479","NEOGURI","2014-07-10",33.5,135.3,50,985,7.5,NA,3.1354172007,3.1354172007,3.1354172007,3.7604171277,3.7604171277
"480","BERTHA2014","2014-08-03",21.8,-71.9,40,1013,163.902076782,NA,467.4493085238,467.8270863168,468.1631974155,468.2409751947,468.2409751947
"481","HALONG2014","2014-08-09",33.5,133.8,70,965,125.5,NA,377.5374998907,378.2499999048,385.5812488068,389.5479157488,390.8854157979
"482","HALONG2014","2014-08-10",34.5,134.5,65,975,79.5,NA,11.879166768,12.5069445228,12.5680556373,18.1798613286,18.7354169286
"483","DOLLY2014","2014-09-03",22,-97.7,40,1002,445.327017819,4,NA,NA,NA,NA,NA
"484","PHANFONE2014","2014-10-05",34.7,137.7,65,965,2,NA,424.1638659,424.1638659,424.513865913,426.233310492,426.511088283
"485","PHANFONE2014","2014-10-06",34.9,138.5,65,965,14.5,NA,8.08402848,10.172917473,10.806250911,13.1402784672,17.0916674382
"486","VONGFONG","2014-10-11",26.4,128,80,950,NA,NA,NA,NA,NA,NA,NA
"487","VONGFONG","2014-10-12",31.1,130,65,970,0.5,NA,NA,NA,NA,NA,NA
"488","FAY2014","2014-10-12",32.3,-64.7,70,984,349.9694625,NA,334.1305734,334.1833511796,335.7472397847,336.3389065302,337.2139066353
"489","GONZALO","2014-10-13",17.1,-61.8,65,990,153.5499874257,NA,400.290247623,406.1687195478,408.8131641528,410.7506644275,410.7506644275
"490","GONZALO","2014-10-13",18.1,-63,75,984,282.347211912,NA,NA,NA,NA,NA,NA
"491","GONZALO","2014-10-13",18.2,-63.1,75,984,249.755537907,NA,301.8166756251,688.4416562892,689.6236008057,690.5166563529,690.5166563529
"492","VONGFONG","2014-10-13",32.9,132.4,60,975,71,NA,101.6944413747,101.6944413747,101.6944413747,101.6944413747,101.6944413747
"493","GONZALO","2014-10-18",32.3,-64.8,95,952,236.924981796,NA,49.147215765,49.1805490998,49.7499935976,49.7611047093,60.9555471735
"494","HANNA2014","2014-10-27",14.9,-83.3,35,1005,222.2375201754,NA,870.358317594,870.7791509394,870.8541509439,872.9097063639,873.6680397351
"495","ANA","2015-05-10",33.8,-78.8,40,1002,175.006,NA,193.9472299671,288.4638977211,288.7173699486,290.1757032486,290.1757032486
"496","BILL2015","2015-06-16",28.2,-96.7,50,997,11.3124987411,3.1,5.7562506411,280.9889088411,310.0111270011,310.0111270011,315.1729329411
"497","NANGKA","2015-07-16",33.4,134.1,65,965,155.5,NA,372.65835048,377.9590441056,444.44654724,453.824323488,466.0326571644
"498","HALOLA","2015-07-26",33,129.7,40,996,NA,NA,NA,NA,NA,NA,NA
"499","GONI","2015-08-23",24.3,123.9,90,940,NA,NA,898.566646026,905.6055349704,950.2020666114,950.2020666114,957.6694277529
"500","GONI","2015-08-24",32,130.1,85,945,0,NA,NA,NA,NA,NA,NA
"501","ETAU2015","2015-09-09",34.5,137.1,45,990,37,NA,0,6.2388891,12.866666919,19.880557239,32.505556143
"502","JOAQUIN","2015-10-01",23.1,-73.7,115,942,728.238885,NA,1953.81246,3701.929875,4103.89586286,4107.8396131248,4107.8396131248
"503","JOAQUIN","2015-10-02",23.6,-74.8,110,940,526.685463,NA,1493.944452,1880.586118872,1880.586118872,1880.586118872,1884.052785438
"504","JOAQUIN","2015-10-02",24.1,-74.5,110,942,205.8583302,NA,580.319403069,1053.649963608,1053.649963608,1053.649963608,1055.9805191151
"505","ALEX2016","2016-01-15",38.7,-27.1,55,986,29.758333638,NA,90.513888174,90.513888174,90.513888174,120.0555559791,184.6277791791
"506","BONNIE2016","2016-05-29",32.8,-79.8,30,1007,12.459723036,1.9,12.459723036,12.626389704,17.886806478,17.886806478,19.620139878
"507","COLIN","2016-06-07",29.8,-83.6,45,1001,445.516,NA,81.940975017,82.557641631,82.557641631,89.397225231,93.661114239
"508","DANIELLE2016","2016-06-20",21.2,-97.4,35,1009,104.327780568,NA,513.645137544,631.598608929,634.2006923622,634.2006923622,634.5381923724
"509","EARL2016","2016-08-04",17.4,-87.8,75,979,154.1388940131,NA,387.6222187131,387.6222187131,387.6777742701,387.6777742701,387.6777742701
"510","EARL2016","2016-08-04",17.4,-88.3,75,979,188.477796738,NA,491.950028472,492.038917365,493.294472832,493.294472832,493.294472832
"511","EARL2016","2016-08-06",19,-96,50,999,283.7618122488,NA,NA,NA,NA,NA,NA
"512","CONSON2016","2016-08-14",43.3,145.5,40,988,7.5,NA,28.1944414494,47.2826365143,125.8381961463,132.6875018007,244.8375030594
"513","CHANTHU","2016-08-17",41.8,143,55,980,0,NA,NA,NA,NA,NA,NA
"514","KOMPASU2016","2016-08-21",42.9,144.1,35,1002,0,NA,73.5923646282,162.0361151475,162.4972262526,162.4972262526,162.7833373596
"515","MINDULLE","2016-08-22",34.8,139.8,65,975,145.5,NA,144.136105791,171.858331449,171.949998117,172.016664786,172.016664786
"516","LIONROCK","2016-08-30",38.8,142,65,965,NA,NA,NA,NA,NA,NA,NA
"517","HERMINE2016","2016-09-02",30.1,-84.1,70,981,NA,3.4,137.4361195995,185.1902926254,202.3069595073,237.7909869903,237.7909869903
"518","NAMTHEUN2016","2016-09-04",32.8,129.7,35,1000,1,NA,41.372922591,41.372922591,41.7562559334,44.6430613632,45.4451446032
"519","JULIA","2016-09-13",27.3,-80.2,30,1010,454.152,NA,52.8777818691,52.8777818691,52.8777818691,160.0333388691,160.0333388691
"520","MALAKAS","2016-09-19",31.1,130.5,75,955,11,NA,295.540281525,296.658337257,299.0409761073,300.1500038793,300.4152816687
"521","MALAKAS","2016-09-20",33.3,134.1,70,970,52,NA,81.8131934112,112.420831926,139.7319427974,194.5673590482,470.9715342699
"522","CHABA2016","2016-09-26",15.8,158.1,29.1576,1008,3,5.15,27.0055546878,78.2284731414,344.3868131754,497.0048697207,522.5479255671
"523","CHABA2016","2016-09-27",14.7,153.1,29.1576,1006,3.5,5.15,72.6319391601,135.1499953281,163.8722194221,211.6055516571,308.5604143491
"524","CHABA2016","2016-09-28",14.5,146.8,38.8768,996,61.8,5.15,35.2944450204,65.3944450404,73.233334152,118.3833311928,152.3388874038
"525","CHABA2016","2016-09-29",14.2,140.6,44.70832,992,24.2,5.15,222.488893446,330.7777860351,334.4138972475,400.7451503475,449.0500157616
"526","CHABA2016","2016-09-30",13.5,138,46.65216,990,21,5.15,NA,NA,NA,NA,NA
"527","CHABA2016","2016-10-01",17.7,133.3,62.20288,975,5,5.15,454.0645926,454.3791759318,611.7097233318,634.2604161138,634.3770827838
"528","CHABA2016","2016-10-02",21.8,129.3,87.4728,945,0,5.15,461.675041386,461.7312913902,471.2417083902,472.6021248282,472.6021248282
"529","CHABA2016","2016-10-03",25.8,126.7,97.192,930,0,5.15,471.250701576,480.806257713,481.258341039,492.020841249,496.8937577877
"530","MATTHEW2016","2016-10-04",18.3,-74.3,130,935,1207.388214,5.85,1182.809742,1264.861128765,1265.1027954414,1268.0069621484,1268.0152954818
"531","CHABA2016","2016-10-04",26.8,126.4,97.192,930,16.6,5.15,36.0659725476,36.0659725476,36.0659725476,71.247918681,78.1993063734
"532","MATTHEW2016","2016-10-05",20.1,-74.3,115,949,332.260422,5.85,847.8208722,968.6549051532,968.6549051532,969.0632384982,969.0632384982
"533","CHABA2016","2016-10-05",31.9,126,83.58512,950,158.5,5.15,NA,NA,NA,NA,NA
"534","CHABA2016","2016-10-06",42.2,141.8,NA,994,NA,5.15,0,1.41666681,10.628472393,10.628472393,10.628472393
"535","MATTHEW2016","2016-10-07",26.7,-79,115,937,345.931936893,5.85,NA,NA,NA,NA,NA
"536","MATTHEW2016","2016-10-08",33,-79.5,75,967,264.800004393,5.85,NA,NA,NA,NA,NA
"537","OTTO","2016-11-24",11,-83.8,100,975,434.0951465922,NA,NA,NA,NA,NA,NA
"538","BRET2017","2017-06-20",10.1,-61.1,45,1008,NA,NA,448.61042406,451.8138963831,453.9882019671,480.4986203322,492.5180649087
"539","BRET2017","2017-06-20",10.6,-62.6,45,1008,NA,NA,311.3896029675,329.1743259795,332.7882145575,350.5152987045,353.1819657513
"540","CINDY2017","2017-06-22",29.8,-93.7,45,991,340.969464024,NA,147.235422024,147.235422024,150.8916723381,155.4097280226,235.9437604176
"541","NANMADOL","2017-07-03",32.7,130,55,985,NA,NA,NA,NA,NA,NA,NA
"542","NANMADOL","2017-07-04",33.2,132.3,50,990,14.5,NA,134.595834,549.1812436047,683.5749949578,707.147912724,708.0284683284
"543","EMILY2017","2017-07-31",27.5,-82.7,50,1001,367.0444623441,15,367.0444623441,368.5965458475,449.2180771158,491.1562749255,491.1562749255
"544","NORU","2017-08-05",30.3,130.4,60,970,0,NA,361.940282421,450.9958351164,451.6986129009,456.6597243009,456.6597243009
"545","NORU","2017-08-06",30.7,130.9,60,970,NA,NA,250.949990748,250.949990748,250.9611018597,251.3277685527,252.9138796155
"546","NORU","2017-08-07",33.3,134.2,60,970,83,NA,111.3520776,111.3520776,111.8117998326,112.8617998227,112.8617998227
"547","FRANKLIN","2017-08-08",19.1,-87.6,50,995,NA,NA,322.647232014,344.340981336,344.4409813494,348.8868148119,348.8868148119
"548","FRANKLIN","2017-08-10",20,-96.6,70,990,106.239585669,NA,NA,NA,NA,NA,NA
"549","HARVEY2017","2017-08-18",13.1,-59.6,40,1004,NA,NA,682.16600364,683.6882257668,683.8160035458,683.8160035458,683.8160035458
"550","HARVEY2017","2017-08-18",13.2,-61.2,40,1004,498.045846642,NA,502.393763805,504.3576527181,505.3715416551,505.3715416551,505.3715416551
"551","HARVEY2017","2017-08-26",28,-96.9,115,937,257.6444472,NA,NA,NA,NA,NA,NA
"552","HARVEY2017","2017-08-26",28.2,-97.1,105,948,213.3812574,NA,473.690281167,498.8486117454,499.1986117494,499.1986117494,499.1986117494
"553","HARVEY2017","2017-08-30",29.8,-93.5,40,991,135.069443745,NA,106.661804445,107.055554454,107.055554454,107.055554454,107.055554454
"554","IRMA","2017-09-06",17.7,-61.8,155,914,550.164,NA,598.584087696,604.487559828,606.099365454,730.7396406642,731.4715851282
"555","IRMA","2017-09-06",18.1,-63.1,155,914,NA,NA,1157.2861110954,1181.2951389951,1181.2951389951,1308.7506955839,1317.827084799
"556","IRMA","2017-09-06",18.5,-64.4,155,915,224.258336304,NA,659.856248904,761.73125397,761.73125397,763.6993097478,764.2013930832
"557","IRMA","2017-09-08",21.5,-73,135,924,744.175032012,NA,NA,NA,NA,NA,NA
"558","KATIA","2017-09-09",20.6,-97.1,65,990,NA,NA,54.3729213216,194.8583441007,196.9916773377,196.9916773377,196.9916773377
"559","IRMA","2017-09-09",22.3,-77.9,145,924,306.577785,NA,629.7680742,793.120856766,793.3458567831,818.8729436211,818.8812769545
"560","IRMA","2017-09-10",24.7,-81.5,115,931,282.015980145,NA,281.193757905,282.957646848,282.957646848,282.957646848,282.957646848
"561","IRMA","2017-09-10",25.9,-81.7,100,936,125.839587342,NA,439.918758,445.6972305828,446.0333417088,448.8458413308,448.8875079978
"562","TALIM","2017-09-17",31,130.3,55,975,5,NA,NA,NA,NA,NA,NA
"563","MARIA2017","2017-09-19",15.4,-61.3,145,922,450.6222123,NA,923.737474545,946.6277514411,956.6444186805,957.256918704,957.256918704
"564","MARIA2017","2017-09-20",18,-65.9,135,920,442.313852076,NA,NA,NA,NA,NA,NA
"565","NATE2017","2017-10-05",13.9,-83.5,35,999,40.6937535,NA,190.8020871,198.3881983572,247.4763891087,251.8006948944,260.840278704
"566","NATE2017","2017-10-08",29.1,-89.2,75,983,37.374999,NA,23.6854181484,46.9687522944,50.5006966479,50.5006966479,50.5006966479
"567","NATE2017","2017-10-08",30.4,-89,65,984,123.3625026,NA,NA,NA,NA,NA,NA
"568","OPHELIA2017","2017-10-16",51.9,-10.4,70,957,NA,NA,25.8298601589,25.8298601589,60.9562508973,231.3902910693,265.0451525523
"569","LAN","2017-10-22",34.7,138.1,80,950,174,NA,132.2750001894,137.7611119944,145.8472228641,148.6305563241,148.6305563241
"570","PHILIPPE","2017-10-28",22.2,-81.6,35,1000,277.622,NA,526.8694497735,526.8694497735,527.2027830735,531.0756999252,532.8194500746
"571","SAOLA","2017-10-28",26.6,128.2,60,975,9,NA,37.3965290523,37.3965290523,37.3965290523,37.6131957186,37.6131957186
"572","ALBERTO2018","2018-05-28",30.3,-86,40,992,217.733349576,NA,NA,NA,NA,NA,NA
"573","AMPIL","2018-07-20",26.6,128.3,50,985,0,NA,34.000001148,113.4799989228,113.4799989228,113.4799989228,113.4799989228
"574","JONGDARI","2018-07-28",34.5,136.7,65,970,0.5,NA,52.8400005696,52.8400005696,52.8400005696,52.8400005696,52.8400005696
"575","JONGDARI","2018-07-29",33.8,131.2,40,992,52,NA,38.409996582,38.409996582,38.409996582,38.409996582,38.409996582
"576","LEEPI","2018-08-14",32.4,131.9,40,998,4.5,NA,266.469979158,342.7999817286,399.7899797298,402.7399795656,403.079979561
"577","CIMARON","2018-08-23",33.8,134.6,75,970,18,NA,384.0099820932,389.9099820648,389.9099820648,389.9099820648,389.9099820648
"578","SOULIK","2018-08-23",32.3,126,77.7536,955,265.4,NA,NA,NA,NA,NA,NA
"579","GORDON2018","2018-09-03",25,-80.5,45,1006,312.4399827,NA,NA,NA,NA,NA,NA
"580","GORDON2018","2018-09-03",25.2,-80.9,45,1006,105.770004699,NA,328.1399993964,328.1899993944,329.7099993708,333.8099994528,342.3199994208
"581","JEBI","2018-09-04",33.3,134.2,85,950,41,NA,63.009997773,63.009997773,116.9099990412,139.0399996956,345.8399950806
"582","GORDON2018","2018-09-05",30.4,-88.5,60,996,166.309984671,NA,406.799985393,417.899985597,435.9799870734,440.2599871728,440.2599871728
"583","FLORENCE2018","2018-09-14",34.2,-77.8,80,956,365.7699846,6,354.349986,664.1799699,908.709959685,911.6599596372,939.2499554286
"584","KIRK","2018-09-28",13.8,-60.9,45,1002,20.1399978924,NA,81.9799958844,83.0499958824,83.0499958824,83.0499958824,83.5599958494
"585","KONG-REY","2018-09-30",15,137.2,68.0344,970,NA,NA,NA,NA,NA,NA,NA
"586","TRAMI","2018-09-30",33.8,135.5,80,960,47,NA,165.0099957954,165.0099957954,165.7299956916,191.4099965856,201.2399966538
"587","MICHAEL","2018-10-10",30,-85.5,140,919,330.454,NA,NA,NA,NA,NA,NA
"588","BARRY2019","2019-07-13",29.6,-92.2,65,993,30.389999979,4,153.559997679,349.219996965,377.8799955348,377.8799955348,377.8799955348
"589","NARI2019","2019-07-26",34.1,136.3,35,1000,0,NA,45.0299989962,80.6699993892,80.6699993892,80.7499993878,97.8000007668
"590","FRANCISCO","2019-08-01",18.4,154,23.32608,1004,NA,NA,NA,NA,NA,NA,NA
"591","FRANCISCO","2019-08-02",21.8,151.2,36.93296,998,NA,NA,93.380001498,247.7700048948,296.000004075,296.790004062,296.790004062
"592","FRANCISCO","2019-08-03",26.3,146.1,40.82064,994,NA,NA,270.419993598,277.329993471,277.52999346,277.52999346,278.91999345
"593","FRANCISCO","2019-08-04",29.5,140.1,46.65216,990,NA,NA,136.380002037,136.380002037,136.380002037,136.380002037,136.380002037
"594","FRANCISCO","2019-08-05",31.9,131.5,70,970,NA,NA,212.829983784,223.409984247,224.01998424,224.069984238,230.8699841364
"595","FRANCISCO","2019-08-06",31.8,131.8,62.20288,975,NA,NA,7.1499998862,7.6299998778,7.649999877,9.899999865,9.899999865
"596","FRANCISCO","2019-08-07",36.7,128.7,29.1576,1000,NA,NA,0,83.4799973928,83.4799973928,83.8999973712,84.0799973676
"597","KROSA","2019-08-15",33.4,132.3,50,975,101.5,NA,16.5299984964,20.5199987964,22.9799985774,58.9899998514,227.3099930154
"598","DORIAN","2019-08-27",13.1,-59.4,45,1005,580.136,NA,325.539991689,325.539991689,325.539991689,325.539991689,325.539991689
"599","DORIAN","2019-08-27",14,-60.9,45,1005,386.334,NA,NA,NA,NA,NA,NA
"600","DORIAN","2019-08-28",17.8,-64.6,65,995,163.83,NA,408.439979967,431.3799788082,431.439978807,431.439978807,431.439978807
"601","DORIAN","2019-08-28",18.4,-65.1,70,993,NA,NA,424.9100040942,648.2000062386,656.520006312,656.740006302,656.740006302
"602","DORIAN","2019-09-01",26.5,-77,160,910,875.790005997,NA,NA,NA,NA,NA,NA
"603","DORIAN","2019-09-02",26.6,-77.8,155,914,597.3199809,NA,1931.370024,3400.0200237,3501.350021607,3533.090021604,3533.090021604
"604","FERNAND2019","2019-09-04",24.2,-97.7,40,1003,289.7399776992,NA,369.0199726992,370.9999725936,380.7399719856,380.7399719856,380.9799719844
"605","DORIAN","2019-09-06",35.2,-75.6,85,956,144.7800039,NA,426.880018782,426.880018782,427.8800188764,455.0100173724,455.0300173716
"606","FAXAI","2019-09-08",35.1,139.5,80,960,NA,NA,491.310005697,491.310005697,491.3400056958,491.3500056954,499.5500056998
"607","IMELDA","2019-09-17",28.9,-95.4,40,1003,1124.966,NA,533.0800069854,2024.0399965824,3083.709956694,3181.2399526662,3181.2399526662
"608","KAREN2019","2019-09-24",18.1,-65.4,40,1004,78.74,NA,261.5099972448,328.20999384,352.9599950748,356.5999951524,380.679994497
"609","KAREN2019","2019-09-24",18.3,-65.3,40,1004,83.609998437,NA,85.3799984832,98.1099974166,106.4099983788,108.5699983608,119.2399979322
"610","HAGIBIS","2019-10-12",34.6,138.7,80,955,79.5,NA,331.71000009,343.5199994466,351.7799990802,388.4499974598,396.6799975398
